"Time of Day","Process Name","PID","Operation","Path","Result","Detail"
"10:48:59,6805929","Notepad.exe","11516","LockFile","C:\Users\arina\AppData\LocalLow\dbb17a6be212ef685ba97fbba526dd2acf51c2e342e255cd4905a3ef0d0cc239","SUCCESS","Exclusive: True, Offset: 0, Length: 4 294 967 295, Fail Immediately: False"
"10:48:59,6806122","Notepad.exe","11516","QueryBasicInformationFile","C:\Users\arina\AppData\LocalLow\dbb17a6be212ef685ba97fbba526dd2acf51c2e342e255cd4905a3ef0d0cc239","SUCCESS","CreationTime: 13.08.2025 21:25:10, LastAccessTime: 06.06.2026 15:19:55, LastWriteTime: 06.06.2026 15:19:55, ChangeTime: 25.09.2026 21:07:42, FileAttributes: ANCI"
"10:48:59,6806294","Notepad.exe","11516","UnlockFileSingle","C:\Users\arina\AppData\LocalLow\dbb17a6be212ef685ba97fbba526dd2acf51c2e342e255cd4905a3ef0d0cc239","SUCCESS","Offset: 0, Length: 4 294 967 295"
"10:48:59,6972314","Notepad.exe","11516","LockFile","C:\Users\arina\AppData\LocalLow\dbb17a6be212ef685ba97fbba526dd2acf51c2e342e255cd4905a3ef0d0cc239","SUCCESS","Exclusive: True, Offset: 0, Length: 4 294 967 295, Fail Immediately: False"
"10:48:59,6972542","Notepad.exe","11516","QueryBasicInformationFile","C:\Users\arina\AppData\LocalLow\dbb17a6be212ef685ba97fbba526dd2acf51c2e342e255cd4905a3ef0d0cc239","SUCCESS","CreationTime: 13.08.2025 21:25:10, LastAccessTime: 06.06.2026 15:19:55, LastWriteTime: 06.06.2026 15:19:55, ChangeTime: 25.09.2026 21:07:42, FileAttributes: ANCI"
"10:48:59,6972738","Notepad.exe","11516","UnlockFileSingle","C:\Users\arina\AppData\LocalLow\dbb17a6be212ef685ba97fbba526dd2acf51c2e342e255cd4905a3ef0d0cc239","SUCCESS","Offset: 0, Length: 4 294 967 295"
"10:49:00,7247177","Notepad.exe","11516","CreateFile","C:\Users\arina\Desktop\университет\OS_Lab1\Experiments\проверка лр номер 1.txt","SUCCESS","Desired Access: Read Attributes, Disposition: Open, Options: Open Reparse Point, Attributes: n/a, ShareMode: Read, Write, Delete, AllocationSize: n/a, OpenResult: Opened"
"10:49:00,7247467","Notepad.exe","11516","QueryNetworkOpenInformationFile","C:\Users\arina\Desktop\университет\OS_Lab1\Experiments\проверка лр номер 1.txt","SUCCESS","CreationTime: 26.09.2026 10:41:29, LastAccessTime: 26.09.2026 10:48:24, LastWriteTime: 26.09.2026 10:45:33, ChangeTime: 26.09.2026 10:45:33, AllocationSize: 01.01.1601 3:00:00, EndOfFile: 01.01.1601 3:00:00, FileAttributes: A"
"10:49:00,7247707","Notepad.exe","11516","CloseFile","C:\Users\arina\Desktop\университет\OS_Lab1\Experiments\проверка лр номер 1.txt","SUCCESS",""
"10:49:00,7249402","Notepad.exe","11516","CreateFile","C:\Users\arina\Desktop\университет\OS_Lab1\Experiments\проверка лр номер 1.txt","SUCCESS","Desired Access: Read Attributes, Disposition: Open, Options: Open Reparse Point, Attributes: n/a, ShareMode: Read, Write, Delete, AllocationSize: n/a, OpenResult: Opened"
"10:49:00,7249612","Notepad.exe","11516","QueryNetworkOpenInformationFile","C:\Users\arina\Desktop\университет\OS_Lab1\Experiments\проверка лр номер 1.txt","SUCCESS","CreationTime: 26.09.2026 10:41:29, LastAccessTime: 26.09.2026 10:48:24, LastWriteTime: 26.09.2026 10:45:33, ChangeTime: 26.09.2026 10:45:33, AllocationSize: 01.01.1601 3:00:00, EndOfFile: 01.01.1601 3:00:00, FileAttributes: A"
"10:49:00,7249717","Notepad.exe","11516","CloseFile","C:\Users\arina\Desktop\университет\OS_Lab1\Experiments\проверка лр номер 1.txt","SUCCESS",""
"10:49:00,7296460","Notepad.exe","11516","RegQueryKey","\REGISTRY\WC\Silo480a25d5-cec8-60cc-d5df-02e80f443476user_sid","SUCCESS","Query: HandleTags, HandleTags: 0x0"
"10:49:00,7297283","Notepad.exe","11516","RegOpenKey","\REGISTRY\WC\Silo480a25d5-cec8-60cc-d5df-02e80f443476user_sid\Control Panel\Desktop","SUCCESS","Desired Access: Query Value"
"10:49:00,7297709","Notepad.exe","11516","RegQueryValue","\REGISTRY\WC\Silo480a25d5-cec8-60cc-d5df-02e80f443476user_sid\Control Panel\Desktop\CaretWidth","SUCCESS","Type: REG_DWORD, Length: 4, Data: 1"
"10:49:00,7297866","Notepad.exe","11516","RegQueryValue","\REGISTRY\WC\Silo480a25d5-cec8-60cc-d5df-02e80f443476user_sid\Control Panel\Desktop\CursorBlinkRate","SUCCESS","Type: REG_SZ, Length: 8, Data: 530"
"10:49:00,7297992","Notepad.exe","11516","RegQueryValue","\REGISTRY\WC\Silo480a25d5-cec8-60cc-d5df-02e80f443476user_sid\Control Panel\Desktop\CursorBlinkRate","SUCCESS","Type: REG_SZ, Length: 8, Data: 530"
"10:49:00,7299339","Notepad.exe","11516","RegOpenKey","HKLM\Software\Policies\Microsoft\Windows\Control Panel\Desktop","NAME NOT FOUND","Desired Access: Read"
"10:49:00,7299897","Notepad.exe","11516","RegOpenKey","HKCU\Software\Policies\Microsoft\Windows\Control Panel\Desktop","NAME NOT FOUND","Desired Access: Read"
"10:49:00,7300354","Notepad.exe","11516","RegCloseKey","\REGISTRY\WC\Silo480a25d5-cec8-60cc-d5df-02e80f443476user_sid\Control Panel\Desktop","SUCCESS",""
"10:49:00,7329830","Notepad.exe","11516","RegQueryKey","\REGISTRY\WC\Silo480a25d5-cec8-60cc-d5df-02e80f443476user_sid","SUCCESS","Query: HandleTags, HandleTags: 0x0"
"10:49:00,7330110","Notepad.exe","11516","RegOpenKey","\REGISTRY\WC\Silo480a25d5-cec8-60cc-d5df-02e80f443476user_sid\Control Panel\Desktop","SUCCESS","Desired Access: Query Value"
"10:49:00,7330398","Notepad.exe","11516","RegQueryValue","\REGISTRY\WC\Silo480a25d5-cec8-60cc-d5df-02e80f443476user_sid\Control Panel\Desktop\CaretWidth","SUCCESS","Type: REG_DWORD, Length: 4, Data: 1"
"10:49:00,7330520","Notepad.exe","11516","RegQueryValue","\REGISTRY\WC\Silo480a25d5-cec8-60cc-d5df-02e80f443476user_sid\Control Panel\Desktop\CursorBlinkRate","SUCCESS","Type: REG_SZ, Length: 8, Data: 530"
"10:49:00,7330601","Notepad.exe","11516","RegQueryValue","\REGISTRY\WC\Silo480a25d5-cec8-60cc-d5df-02e80f443476user_sid\Control Panel\Desktop\CursorBlinkRate","SUCCESS","Type: REG_SZ, Length: 8, Data: 530"
"10:49:00,7332829","Notepad.exe","11516","RegOpenKey","HKLM\Software\Policies\Microsoft\Windows\Control Panel\Desktop","NAME NOT FOUND","Desired Access: Read"
"10:49:00,7333201","Notepad.exe","11516","RegOpenKey","HKCU\Software\Policies\Microsoft\Windows\Control Panel\Desktop","NAME NOT FOUND","Desired Access: Read"
"10:49:00,7333590","Notepad.exe","11516","RegCloseKey","\REGISTRY\WC\Silo480a25d5-cec8-60cc-d5df-02e80f443476user_sid\Control Panel\Desktop","SUCCESS",""
"10:49:00,7391513","Notepad.exe","11516","RegQueryKey","HKLM","SUCCESS","Query: HandleTags, HandleTags: 0x0"
"10:49:00,7391778","Notepad.exe","11516","RegOpenKey","HKLM\Software\Microsoft\Avalon.Graphics","NAME NOT FOUND","Desired Access: Read"
"10:49:00,7392099","Notepad.exe","11516","RegQueryKey","HKLM","SUCCESS","Query: Name"
"10:49:00,7392267","Notepad.exe","11516","RegQueryKey","\REGISTRY\WC\Silo480a25d5-cec8-60cc-d5df-02e80f443476user_sid","SUCCESS","Query: HandleTags, HandleTags: 0x0"
"10:49:00,7392373","Notepad.exe","11516","RegOpenKey","\REGISTRY\WC\Silo480a25d5-cec8-60cc-d5df-02e80f443476user_sid\Software\Microsoft\Avalon.Graphics","SUCCESS","Desired Access: Read"
"10:49:00,7393273","Notepad.exe","11516","RegOpenKey","HKLM\Hardware\DeviceMap\Video","SUCCESS","Desired Access: Read"
"10:49:00,7393628","Notepad.exe","11516","RegQueryValue","HKLM\HARDWARE\DEVICEMAP\VIDEO\\Device\Video0","SUCCESS","Type: REG_SZ, Length: 202, Data: \Registry\Machine\System\CurrentControlSet\Control\Video\{198BBAA9-CE08-11EF-9B7C-806E6F6E6963}\0000"
"10:49:00,7393880","Notepad.exe","11516","RegOpenKey","HKLM\System\CurrentControlSet\CONTROL\VIDEO\{198BBAA9-CE08-11EF-9B7C-806E6F6E6963}\0000","REPARSE","Desired Access: Read"
"10:49:00,7394092","Notepad.exe","11516","RegOpenKey","HKLM\System\CurrentControlSet\CONTROL\VIDEO\{198BBAA9-CE08-11EF-9B7C-806E6F6E6963}\0000","REPARSE","Desired Access: Read"
"10:49:00,7394262","Notepad.exe","11516","RegOpenKey","HKLM\System\CurrentControlSet\Control\Class\{4d36e968-e325-11ce-bfc1-08002be10318}\0000","SUCCESS","Desired Access: Read"
"10:49:00,7394440","Notepad.exe","11516","RegCloseKey","HKLM\HARDWARE\DEVICEMAP\VIDEO","SUCCESS",""
"10:49:00,7394551","Notepad.exe","11516","RegQueryValue","HKLM\System\CurrentControlSet\Control\Class\{4d36e968-e325-11ce-bfc1-08002be10318}\0000\PruningMode","NAME NOT FOUND","Length: 52"
"10:49:00,7394695","Notepad.exe","11516","RegCloseKey","HKLM\System\CurrentControlSet\Control\Class\{4d36e968-e325-11ce-bfc1-08002be10318}\0000","SUCCESS",""
"10:49:00,7394885","Notepad.exe","11516","RegOpenKey","HKLM\System\CurrentControlSet\Enum\PCI\VEN_8086&DEV_A7A8&SUBSYS_206A1EE7&REV_04\3&11583659&0&10","SUCCESS","Desired Access: Query Value, Maximum Allowed"
"10:49:00,7395025","Notepad.exe","11516","RegQueryValue","HKLM\System\CurrentControlSet\Enum\PCI\VEN_8086&DEV_A7A8&SUBSYS_206A1EE7&REV_04\3&11583659&0&10\HardwareID","BUFFER OVERFLOW","Length: 268"
"10:49:00,7395142","Notepad.exe","11516","RegCloseKey","HKLM\System\CurrentControlSet\Enum\PCI\VEN_8086&DEV_A7A8&SUBSYS_206A1EE7&REV_04\3&11583659&0&10","SUCCESS",""
"10:49:00,7395265","Notepad.exe","11516","RegOpenKey","HKLM\System\CurrentControlSet\Enum\PCI\VEN_8086&DEV_A7A8&SUBSYS_206A1EE7&REV_04\3&11583659&0&10","SUCCESS","Desired Access: Query Value, Maximum Allowed"
"10:49:00,7395366","Notepad.exe","11516","RegQueryValue","HKLM\System\CurrentControlSet\Enum\PCI\VEN_8086&DEV_A7A8&SUBSYS_206A1EE7&REV_04\3&11583659&0&10\HardwareID","SUCCESS","Type: REG_MULTI_SZ, Length: 292, Data: PCI\VEN_8086&DEV_A7A8&SUBSYS_206A1EE7&REV_04, PCI\VEN_8086&DEV_A7A8&SUBSYS_206A1EE7, PCI\VEN_8086&DEV_A7A8&CC_030000, PCI\VEN_8086&DEV_A7A8&CC_0300"
"10:49:00,7395482","Notepad.exe","11516","RegCloseKey","HKLM\System\CurrentControlSet\Enum\PCI\VEN_8086&DEV_A7A8&SUBSYS_206A1EE7&REV_04\3&11583659&0&10","SUCCESS",""
"10:49:00,7395583","Notepad.exe","11516","RegOpenKey","HKLM\Hardware\DeviceMap\Video","SUCCESS","Desired Access: Read"
"10:49:00,7395730","Notepad.exe","11516","RegQueryValue","HKLM\HARDWARE\DEVICEMAP\VIDEO\\Device\Video0","SUCCESS","Type: REG_SZ, Length: 202, Data: \Registry\Machine\System\CurrentControlSet\Control\Video\{198BBAA9-CE08-11EF-9B7C-806E6F6E6963}\0000"
"10:49:00,7395838","Notepad.exe","11516","RegCloseKey","HKLM\HARDWARE\DEVICEMAP\VIDEO","SUCCESS",""
"10:49:00,7396048","Notepad.exe","11516","RegQueryKey","\REGISTRY\WC\Silo480a25d5-cec8-60cc-d5df-02e80f443476user_sid\Software\Microsoft\Avalon.Graphics","SUCCESS","Query: HandleTags, HandleTags: 0x0"
"10:49:00,7396274","Notepad.exe","11516","RegOpenKey","\REGISTRY\WC\Silo480a25d5-cec8-60cc-d5df-02e80f443476user_sid\Software\Microsoft\Avalon.Graphics\DISPLAY1","NAME NOT FOUND","Desired Access: Read"
"10:49:00,7396772","Notepad.exe","11516","RegQueryKey","\REGISTRY\WC\Silo480a25d5-cec8-60cc-d5df-02e80f443476user_sid\Software\Microsoft\Avalon.Graphics","SUCCESS","Query: Name"
"10:49:00,7397022","Notepad.exe","11516","RegOpenKey","HKLM\SOFTWARE\Microsoft\AppModel\Lookaside\user\Software\Microsoft\Avalon.Graphics\DISPLAY1","NAME NOT FOUND","Desired Access: Read"
"10:49:00,7397396","Notepad.exe","11516","RegCloseKey","\REGISTRY\WC\Silo480a25d5-cec8-60cc-d5df-02e80f443476user_sid\Software\Microsoft\Avalon.Graphics","SUCCESS",""
"10:49:00,7469662","Notepad.exe","11516","LockFile","C:\Users\arina\AppData\LocalLow\dbb17a6be212ef685ba97fbba526dd2acf51c2e342e255cd4905a3ef0d0cc239","SUCCESS","Exclusive: True, Offset: 0, Length: 4 294 967 295, Fail Immediately: False"
"10:49:00,7469889","Notepad.exe","11516","QueryBasicInformationFile","C:\Users\arina\AppData\LocalLow\dbb17a6be212ef685ba97fbba526dd2acf51c2e342e255cd4905a3ef0d0cc239","SUCCESS","CreationTime: 13.08.2025 21:25:10, LastAccessTime: 06.06.2026 15:19:55, LastWriteTime: 06.06.2026 15:19:55, ChangeTime: 25.09.2026 21:07:42, FileAttributes: ANCI"
"10:49:00,7470077","Notepad.exe","11516","UnlockFileSingle","C:\Users\arina\AppData\LocalLow\dbb17a6be212ef685ba97fbba526dd2acf51c2e342e255cd4905a3ef0d0cc239","SUCCESS","Offset: 0, Length: 4 294 967 295"
"10:49:00,9300807","Notepad.exe","11516","ReadFile","C:\Program Files\WindowsApps\Microsoft.WindowsNotepad_11.2607.14.0_x64__8wekyb3d8bbwe\Notepad\riched20.dll","SUCCESS","Offset: 1 324 032, Length: 4 096, I/O Flags: Non-cached, Paging I/O, Synchronous Paging I/O, Priority: Normal"
"10:49:00,9564065","Notepad.exe","11516","ReadFile","C:\Program Files\WindowsApps\Microsoft.WindowsNotepad_11.2607.14.0_x64__8wekyb3d8bbwe\Notepad\riched20.dll","SUCCESS","Offset: 1 324 032, Length: 4 096, I/O Flags: Non-cached, Paging I/O, Synchronous Paging I/O, Priority: Normal"
"10:49:00,9577105","Notepad.exe","11516","RegQueryKey","\REGISTRY\WC\Silo480a25d5-cec8-60cc-d5df-02e80f443476user_sid","SUCCESS","Query: HandleTags, HandleTags: 0x0"
"10:49:00,9577300","Notepad.exe","11516","RegOpenKey","\REGISTRY\WC\Silo480a25d5-cec8-60cc-d5df-02e80f443476user_sid\Control Panel\Desktop","SUCCESS","Desired Access: Query Value"
"10:49:00,9577721","Notepad.exe","11516","RegQueryValue","\REGISTRY\WC\Silo480a25d5-cec8-60cc-d5df-02e80f443476user_sid\Control Panel\Desktop\CaretWidth","SUCCESS","Type: REG_DWORD, Length: 4, Data: 1"
"10:49:00,9577831","Notepad.exe","11516","RegQueryValue","\REGISTRY\WC\Silo480a25d5-cec8-60cc-d5df-02e80f443476user_sid\Control Panel\Desktop\CursorBlinkRate","SUCCESS","Type: REG_SZ, Length: 8, Data: 530"
"10:49:00,9577909","Notepad.exe","11516","RegQueryValue","\REGISTRY\WC\Silo480a25d5-cec8-60cc-d5df-02e80f443476user_sid\Control Panel\Desktop\CursorBlinkRate","SUCCESS","Type: REG_SZ, Length: 8, Data: 530"
"10:49:00,9579225","Notepad.exe","11516","RegOpenKey","HKLM\Software\Policies\Microsoft\Windows\Control Panel\Desktop","NAME NOT FOUND","Desired Access: Read"
"10:49:00,9579555","Notepad.exe","11516","RegOpenKey","HKCU\Software\Policies\Microsoft\Windows\Control Panel\Desktop","NAME NOT FOUND","Desired Access: Read"
"10:49:00,9579872","Notepad.exe","11516","RegCloseKey","\REGISTRY\WC\Silo480a25d5-cec8-60cc-d5df-02e80f443476user_sid\Control Panel\Desktop","SUCCESS",""
"10:49:00,9592126","Notepad.exe","11516","RegQueryKey","\REGISTRY\WC\Silo480a25d5-cec8-60cc-d5df-02e80f443476user_sid","SUCCESS","Query: HandleTags, HandleTags: 0x0"
"10:49:00,9592325","Notepad.exe","11516","RegOpenKey","\REGISTRY\WC\Silo480a25d5-cec8-60cc-d5df-02e80f443476user_sid\Control Panel\Desktop","SUCCESS","Desired Access: Query Value"
"10:49:00,9592631","Notepad.exe","11516","RegQueryValue","\REGISTRY\WC\Silo480a25d5-cec8-60cc-d5df-02e80f443476user_sid\Control Panel\Desktop\CaretWidth","SUCCESS","Type: REG_DWORD, Length: 4, Data: 1"
"10:49:00,9593115","Notepad.exe","11516","RegQueryValue","\REGISTRY\WC\Silo480a25d5-cec8-60cc-d5df-02e80f443476user_sid\Control Panel\Desktop\CursorBlinkRate","SUCCESS","Type: REG_SZ, Length: 8, Data: 530"
"10:49:00,9593221","Notepad.exe","11516","RegQueryValue","\REGISTRY\WC\Silo480a25d5-cec8-60cc-d5df-02e80f443476user_sid\Control Panel\Desktop\CursorBlinkRate","SUCCESS","Type: REG_SZ, Length: 8, Data: 530"
"10:49:00,9594220","Notepad.exe","11516","RegOpenKey","HKLM\Software\Policies\Microsoft\Windows\Control Panel\Desktop","NAME NOT FOUND","Desired Access: Read"
"10:49:00,9594529","Notepad.exe","11516","RegOpenKey","HKCU\Software\Policies\Microsoft\Windows\Control Panel\Desktop","NAME NOT FOUND","Desired Access: Read"
"10:49:00,9594825","Notepad.exe","11516","RegCloseKey","\REGISTRY\WC\Silo480a25d5-cec8-60cc-d5df-02e80f443476user_sid\Control Panel\Desktop","SUCCESS",""
"10:49:00,9657116","Notepad.exe","11516","RegQueryKey","\REGISTRY\WC\Silo480a25d5-cec8-60cc-d5df-02e80f443476user_sid","SUCCESS","Query: HandleTags, HandleTags: 0x0"
"10:49:00,9657326","Notepad.exe","11516","RegOpenKey","\REGISTRY\WC\Silo480a25d5-cec8-60cc-d5df-02e80f443476user_sid\Control Panel\Desktop","SUCCESS","Desired Access: Query Value"
"10:49:00,9657686","Notepad.exe","11516","RegQueryValue","\REGISTRY\WC\Silo480a25d5-cec8-60cc-d5df-02e80f443476user_sid\Control Panel\Desktop\CaretWidth","SUCCESS","Type: REG_DWORD, Length: 4, Data: 1"
"10:49:00,9657824","Notepad.exe","11516","RegQueryValue","\REGISTRY\WC\Silo480a25d5-cec8-60cc-d5df-02e80f443476user_sid\Control Panel\Desktop\CursorBlinkRate","SUCCESS","Type: REG_SZ, Length: 8, Data: 530"
"10:49:00,9657926","Notepad.exe","11516","RegQueryValue","\REGISTRY\WC\Silo480a25d5-cec8-60cc-d5df-02e80f443476user_sid\Control Panel\Desktop\CursorBlinkRate","SUCCESS","Type: REG_SZ, Length: 8, Data: 530"
"10:49:00,9660046","Notepad.exe","11516","RegOpenKey","HKLM\Software\Policies\Microsoft\Windows\Control Panel\Desktop","NAME NOT FOUND","Desired Access: Read"
"10:49:00,9660430","Notepad.exe","11516","RegOpenKey","HKCU\Software\Policies\Microsoft\Windows\Control Panel\Desktop","NAME NOT FOUND","Desired Access: Read"
"10:49:00,9660752","Notepad.exe","11516","RegCloseKey","\REGISTRY\WC\Silo480a25d5-cec8-60cc-d5df-02e80f443476user_sid\Control Panel\Desktop","SUCCESS",""
"10:49:00,9727619","Notepad.exe","11516","RegQueryKey","\REGISTRY\WC\Silo480a25d5-cec8-60cc-d5df-02e80f443476user_sid","SUCCESS","Query: HandleTags, HandleTags: 0x0"
"10:49:00,9727831","Notepad.exe","11516","RegOpenKey","\REGISTRY\WC\Silo480a25d5-cec8-60cc-d5df-02e80f443476user_sid\Control Panel\Desktop","SUCCESS","Desired Access: Query Value"
"10:49:00,9728147","Notepad.exe","11516","RegQueryValue","\REGISTRY\WC\Silo480a25d5-cec8-60cc-d5df-02e80f443476user_sid\Control Panel\Desktop\CaretWidth","SUCCESS","Type: REG_DWORD, Length: 4, Data: 1"
"10:49:00,9728278","Notepad.exe","11516","RegQueryValue","\REGISTRY\WC\Silo480a25d5-cec8-60cc-d5df-02e80f443476user_sid\Control Panel\Desktop\CursorBlinkRate","SUCCESS","Type: REG_SZ, Length: 8, Data: 530"
"10:49:00,9728555","Notepad.exe","11516","RegQueryValue","\REGISTRY\WC\Silo480a25d5-cec8-60cc-d5df-02e80f443476user_sid\Control Panel\Desktop\CursorBlinkRate","SUCCESS","Type: REG_SZ, Length: 8, Data: 530"
"10:49:00,9729257","Notepad.exe","11516","RegOpenKey","HKLM\Software\Policies\Microsoft\Windows\Control Panel\Desktop","NAME NOT FOUND","Desired Access: Read"
"10:49:00,9730106","Notepad.exe","11516","RegOpenKey","HKCU\Software\Policies\Microsoft\Windows\Control Panel\Desktop","NAME NOT FOUND","Desired Access: Read"
"10:49:00,9730494","Notepad.exe","11516","RegCloseKey","\REGISTRY\WC\Silo480a25d5-cec8-60cc-d5df-02e80f443476user_sid\Control Panel\Desktop","SUCCESS",""
"10:49:00,9799659","Notepad.exe","11516","RegQueryKey","\REGISTRY\WC\Silo480a25d5-cec8-60cc-d5df-02e80f443476user_sid","SUCCESS","Query: HandleTags, HandleTags: 0x0"
"10:49:00,9799964","Notepad.exe","11516","RegOpenKey","\REGISTRY\WC\Silo480a25d5-cec8-60cc-d5df-02e80f443476user_sid\Control Panel\Desktop","SUCCESS","Desired Access: Query Value"
"10:49:00,9800246","Notepad.exe","11516","RegQueryValue","\REGISTRY\WC\Silo480a25d5-cec8-60cc-d5df-02e80f443476user_sid\Control Panel\Desktop\CaretWidth","SUCCESS","Type: REG_DWORD, Length: 4, Data: 1"
"10:49:00,9800384","Notepad.exe","11516","RegQueryValue","\REGISTRY\WC\Silo480a25d5-cec8-60cc-d5df-02e80f443476user_sid\Control Panel\Desktop\CursorBlinkRate","SUCCESS","Type: REG_SZ, Length: 8, Data: 530"
"10:49:00,9800501","Notepad.exe","11516","RegQueryValue","\REGISTRY\WC\Silo480a25d5-cec8-60cc-d5df-02e80f443476user_sid\Control Panel\Desktop\CursorBlinkRate","SUCCESS","Type: REG_SZ, Length: 8, Data: 530"
"10:49:00,9801139","Notepad.exe","11516","RegOpenKey","HKLM\Software\Policies\Microsoft\Windows\Control Panel\Desktop","NAME NOT FOUND","Desired Access: Read"
"10:49:00,9801573","Notepad.exe","11516","RegOpenKey","HKCU\Software\Policies\Microsoft\Windows\Control Panel\Desktop","NAME NOT FOUND","Desired Access: Read"
"10:49:00,9801865","Notepad.exe","11516","RegCloseKey","\REGISTRY\WC\Silo480a25d5-cec8-60cc-d5df-02e80f443476user_sid\Control Panel\Desktop","SUCCESS",""
"10:49:00,9870616","Notepad.exe","11516","RegQueryKey","\REGISTRY\WC\Silo480a25d5-cec8-60cc-d5df-02e80f443476user_sid","SUCCESS","Query: HandleTags, HandleTags: 0x0"
"10:49:00,9870822","Notepad.exe","11516","RegOpenKey","\REGISTRY\WC\Silo480a25d5-cec8-60cc-d5df-02e80f443476user_sid\Control Panel\Desktop","SUCCESS","Desired Access: Query Value"
"10:49:00,9871152","Notepad.exe","11516","RegQueryValue","\REGISTRY\WC\Silo480a25d5-cec8-60cc-d5df-02e80f443476user_sid\Control Panel\Desktop\CaretWidth","SUCCESS","Type: REG_DWORD, Length: 4, Data: 1"
"10:49:00,9871297","Notepad.exe","11516","RegQueryValue","\REGISTRY\WC\Silo480a25d5-cec8-60cc-d5df-02e80f443476user_sid\Control Panel\Desktop\CursorBlinkRate","SUCCESS","Type: REG_SZ, Length: 8, Data: 530"
"10:49:00,9871411","Notepad.exe","11516","RegQueryValue","\REGISTRY\WC\Silo480a25d5-cec8-60cc-d5df-02e80f443476user_sid\Control Panel\Desktop\CursorBlinkRate","SUCCESS","Type: REG_SZ, Length: 8, Data: 530"
"10:49:00,9872524","Notepad.exe","11516","RegOpenKey","HKLM\Software\Policies\Microsoft\Windows\Control Panel\Desktop","NAME NOT FOUND","Desired Access: Read"
"10:49:00,9873179","Notepad.exe","11516","RegOpenKey","HKCU\Software\Policies\Microsoft\Windows\Control Panel\Desktop","NAME NOT FOUND","Desired Access: Read"
"10:49:00,9873704","Notepad.exe","11516","RegCloseKey","\REGISTRY\WC\Silo480a25d5-cec8-60cc-d5df-02e80f443476user_sid\Control Panel\Desktop","SUCCESS",""
"10:49:00,9943068","Notepad.exe","11516","RegQueryKey","\REGISTRY\WC\Silo480a25d5-cec8-60cc-d5df-02e80f443476user_sid","SUCCESS","Query: HandleTags, HandleTags: 0x0"
"10:49:00,9943266","Notepad.exe","11516","RegOpenKey","\REGISTRY\WC\Silo480a25d5-cec8-60cc-d5df-02e80f443476user_sid\Control Panel\Desktop","SUCCESS","Desired Access: Query Value"
"10:49:00,9943567","Notepad.exe","11516","RegQueryValue","\REGISTRY\WC\Silo480a25d5-cec8-60cc-d5df-02e80f443476user_sid\Control Panel\Desktop\CaretWidth","SUCCESS","Type: REG_DWORD, Length: 4, Data: 1"
"10:49:00,9943703","Notepad.exe","11516","RegQueryValue","\REGISTRY\WC\Silo480a25d5-cec8-60cc-d5df-02e80f443476user_sid\Control Panel\Desktop\CursorBlinkRate","SUCCESS","Type: REG_SZ, Length: 8, Data: 530"
"10:49:00,9943811","Notepad.exe","11516","RegQueryValue","\REGISTRY\WC\Silo480a25d5-cec8-60cc-d5df-02e80f443476user_sid\Control Panel\Desktop\CursorBlinkRate","SUCCESS","Type: REG_SZ, Length: 8, Data: 530"
"10:49:00,9944046","Notepad.exe","11516","RegOpenKey","HKLM\Software\Policies\Microsoft\Windows\Control Panel\Desktop","NAME NOT FOUND","Desired Access: Read"
"10:49:00,9944298","Notepad.exe","11516","RegOpenKey","HKCU\Software\Policies\Microsoft\Windows\Control Panel\Desktop","NAME NOT FOUND","Desired Access: Read"
"10:49:00,9944572","Notepad.exe","11516","RegCloseKey","\REGISTRY\WC\Silo480a25d5-cec8-60cc-d5df-02e80f443476user_sid\Control Panel\Desktop","SUCCESS",""
"10:49:01,0016827","Notepad.exe","11516","RegQueryKey","\REGISTRY\WC\Silo480a25d5-cec8-60cc-d5df-02e80f443476user_sid","SUCCESS","Query: HandleTags, HandleTags: 0x0"
"10:49:01,0017033","Notepad.exe","11516","RegOpenKey","\REGISTRY\WC\Silo480a25d5-cec8-60cc-d5df-02e80f443476user_sid\Control Panel\Desktop","SUCCESS","Desired Access: Query Value"
"10:49:01,0017410","Notepad.exe","11516","RegQueryValue","\REGISTRY\WC\Silo480a25d5-cec8-60cc-d5df-02e80f443476user_sid\Control Panel\Desktop\CaretWidth","SUCCESS","Type: REG_DWORD, Length: 4, Data: 1"
"10:49:01,0017642","Notepad.exe","11516","RegQueryValue","\REGISTRY\WC\Silo480a25d5-cec8-60cc-d5df-02e80f443476user_sid\Control Panel\Desktop\CursorBlinkRate","SUCCESS","Type: REG_SZ, Length: 8, Data: 530"
"10:49:01,0017764","Notepad.exe","11516","RegQueryValue","\REGISTRY\WC\Silo480a25d5-cec8-60cc-d5df-02e80f443476user_sid\Control Panel\Desktop\CursorBlinkRate","SUCCESS","Type: REG_SZ, Length: 8, Data: 530"
"10:49:01,0018293","Notepad.exe","11516","RegOpenKey","HKLM\Software\Policies\Microsoft\Windows\Control Panel\Desktop","NAME NOT FOUND","Desired Access: Read"
"10:49:01,0018700","Notepad.exe","11516","RegOpenKey","HKCU\Software\Policies\Microsoft\Windows\Control Panel\Desktop","NAME NOT FOUND","Desired Access: Read"
"10:49:01,0018965","Notepad.exe","11516","RegCloseKey","\REGISTRY\WC\Silo480a25d5-cec8-60cc-d5df-02e80f443476user_sid\Control Panel\Desktop","SUCCESS",""
"10:49:01,0086661","Notepad.exe","11516","RegQueryKey","\REGISTRY\WC\Silo480a25d5-cec8-60cc-d5df-02e80f443476user_sid","SUCCESS","Query: HandleTags, HandleTags: 0x0"
"10:49:01,0086888","Notepad.exe","11516","RegOpenKey","\REGISTRY\WC\Silo480a25d5-cec8-60cc-d5df-02e80f443476user_sid\Control Panel\Desktop","SUCCESS","Desired Access: Query Value"
"10:49:01,0087152","Notepad.exe","11516","RegQueryValue","\REGISTRY\WC\Silo480a25d5-cec8-60cc-d5df-02e80f443476user_sid\Control Panel\Desktop\CaretWidth","SUCCESS","Type: REG_DWORD, Length: 4, Data: 1"
"10:49:01,0087276","Notepad.exe","11516","RegQueryValue","\REGISTRY\WC\Silo480a25d5-cec8-60cc-d5df-02e80f443476user_sid\Control Panel\Desktop\CursorBlinkRate","SUCCESS","Type: REG_SZ, Length: 8, Data: 530"
"10:49:01,0087368","Notepad.exe","11516","RegQueryValue","\REGISTRY\WC\Silo480a25d5-cec8-60cc-d5df-02e80f443476user_sid\Control Panel\Desktop\CursorBlinkRate","SUCCESS","Type: REG_SZ, Length: 8, Data: 530"
"10:49:01,0087829","Notepad.exe","11516","RegOpenKey","HKLM\Software\Policies\Microsoft\Windows\Control Panel\Desktop","NAME NOT FOUND","Desired Access: Read"
"10:49:01,0088188","Notepad.exe","11516","RegOpenKey","HKCU\Software\Policies\Microsoft\Windows\Control Panel\Desktop","NAME NOT FOUND","Desired Access: Read"
"10:49:01,0088437","Notepad.exe","11516","RegCloseKey","\REGISTRY\WC\Silo480a25d5-cec8-60cc-d5df-02e80f443476user_sid\Control Panel\Desktop","SUCCESS",""
"10:49:01,0128667","Notepad.exe","11516","RegQueryKey","\REGISTRY\WC\Silo480a25d5-cec8-60cc-d5df-02e80f443476user_sid","SUCCESS","Query: HandleTags, HandleTags: 0x0"
"10:49:01,0128853","Notepad.exe","11516","RegOpenKey","\REGISTRY\WC\Silo480a25d5-cec8-60cc-d5df-02e80f443476user_sid\Control Panel\Desktop","SUCCESS","Desired Access: Query Value"
"10:49:01,0129321","Notepad.exe","11516","RegQueryValue","\REGISTRY\WC\Silo480a25d5-cec8-60cc-d5df-02e80f443476user_sid\Control Panel\Desktop\CaretWidth","SUCCESS","Type: REG_DWORD, Length: 4, Data: 1"
"10:49:01,0129446","Notepad.exe","11516","RegQueryValue","\REGISTRY\WC\Silo480a25d5-cec8-60cc-d5df-02e80f443476user_sid\Control Panel\Desktop\CursorBlinkRate","SUCCESS","Type: REG_SZ, Length: 8, Data: 530"
"10:49:01,0129584","Notepad.exe","11516","RegQueryValue","\REGISTRY\WC\Silo480a25d5-cec8-60cc-d5df-02e80f443476user_sid\Control Panel\Desktop\CursorBlinkRate","SUCCESS","Type: REG_SZ, Length: 8, Data: 530"
"10:49:01,0129863","Notepad.exe","11516","RegOpenKey","HKLM\Software\Policies\Microsoft\Windows\Control Panel\Desktop","NAME NOT FOUND","Desired Access: Read"
"10:49:01,0130182","Notepad.exe","11516","RegOpenKey","HKCU\Software\Policies\Microsoft\Windows\Control Panel\Desktop","NAME NOT FOUND","Desired Access: Read"
"10:49:01,0130493","Notepad.exe","11516","RegCloseKey","\REGISTRY\WC\Silo480a25d5-cec8-60cc-d5df-02e80f443476user_sid\Control Panel\Desktop","SUCCESS",""
"10:49:01,0160409","Notepad.exe","11516","RegQueryKey","\REGISTRY\WC\Silo480a25d5-cec8-60cc-d5df-02e80f443476user_sid","SUCCESS","Query: HandleTags, HandleTags: 0x0"
"10:49:01,0160618","Notepad.exe","11516","RegOpenKey","\REGISTRY\WC\Silo480a25d5-cec8-60cc-d5df-02e80f443476user_sid\Control Panel\Desktop","SUCCESS","Desired Access: Query Value"
"10:49:01,0160915","Notepad.exe","11516","RegQueryValue","\REGISTRY\WC\Silo480a25d5-cec8-60cc-d5df-02e80f443476user_sid\Control Panel\Desktop\CaretWidth","SUCCESS","Type: REG_DWORD, Length: 4, Data: 1"
"10:49:01,0161056","Notepad.exe","11516","RegQueryValue","\REGISTRY\WC\Silo480a25d5-cec8-60cc-d5df-02e80f443476user_sid\Control Panel\Desktop\CursorBlinkRate","SUCCESS","Type: REG_SZ, Length: 8, Data: 530"
"10:49:01,0161171","Notepad.exe","11516","RegQueryValue","\REGISTRY\WC\Silo480a25d5-cec8-60cc-d5df-02e80f443476user_sid\Control Panel\Desktop\CursorBlinkRate","SUCCESS","Type: REG_SZ, Length: 8, Data: 530"
"10:49:01,0161721","Notepad.exe","11516","RegOpenKey","HKLM\Software\Policies\Microsoft\Windows\Control Panel\Desktop","NAME NOT FOUND","Desired Access: Read"
"10:49:01,0162067","Notepad.exe","11516","RegOpenKey","HKCU\Software\Policies\Microsoft\Windows\Control Panel\Desktop","NAME NOT FOUND","Desired Access: Read"
"10:49:01,0162534","Notepad.exe","11516","RegCloseKey","\REGISTRY\WC\Silo480a25d5-cec8-60cc-d5df-02e80f443476user_sid\Control Panel\Desktop","SUCCESS",""
"10:49:01,0229905","Notepad.exe","11516","RegQueryKey","\REGISTRY\WC\Silo480a25d5-cec8-60cc-d5df-02e80f443476user_sid","SUCCESS","Query: HandleTags, HandleTags: 0x0"
"10:49:01,0230093","Notepad.exe","11516","RegOpenKey","\REGISTRY\WC\Silo480a25d5-cec8-60cc-d5df-02e80f443476user_sid\Control Panel\Desktop","SUCCESS","Desired Access: Query Value"
"10:49:01,0230574","Notepad.exe","11516","RegQueryValue","\REGISTRY\WC\Silo480a25d5-cec8-60cc-d5df-02e80f443476user_sid\Control Panel\Desktop\CaretWidth","SUCCESS","Type: REG_DWORD, Length: 4, Data: 1"
"10:49:01,0230763","Notepad.exe","11516","RegQueryValue","\REGISTRY\WC\Silo480a25d5-cec8-60cc-d5df-02e80f443476user_sid\Control Panel\Desktop\CursorBlinkRate","SUCCESS","Type: REG_SZ, Length: 8, Data: 530"
"10:49:01,0230853","Notepad.exe","11516","RegQueryValue","\REGISTRY\WC\Silo480a25d5-cec8-60cc-d5df-02e80f443476user_sid\Control Panel\Desktop\CursorBlinkRate","SUCCESS","Type: REG_SZ, Length: 8, Data: 530"
"10:49:01,0231261","Notepad.exe","11516","RegOpenKey","HKLM\Software\Policies\Microsoft\Windows\Control Panel\Desktop","NAME NOT FOUND","Desired Access: Read"
"10:49:01,0231511","Notepad.exe","11516","RegOpenKey","HKCU\Software\Policies\Microsoft\Windows\Control Panel\Desktop","NAME NOT FOUND","Desired Access: Read"
"10:49:01,0231733","Notepad.exe","11516","RegCloseKey","\REGISTRY\WC\Silo480a25d5-cec8-60cc-d5df-02e80f443476user_sid\Control Panel\Desktop","SUCCESS",""
"10:49:01,0306633","Notepad.exe","11516","RegQueryKey","\REGISTRY\WC\Silo480a25d5-cec8-60cc-d5df-02e80f443476user_sid","SUCCESS","Query: HandleTags, HandleTags: 0x0"
"10:49:01,0306796","Notepad.exe","11516","RegOpenKey","\REGISTRY\WC\Silo480a25d5-cec8-60cc-d5df-02e80f443476user_sid\Control Panel\Desktop","SUCCESS","Desired Access: Query Value"
"10:49:01,0307075","Notepad.exe","11516","RegQueryValue","\REGISTRY\WC\Silo480a25d5-cec8-60cc-d5df-02e80f443476user_sid\Control Panel\Desktop\CaretWidth","SUCCESS","Type: REG_DWORD, Length: 4, Data: 1"
"10:49:01,0307374","Notepad.exe","11516","RegQueryValue","\REGISTRY\WC\Silo480a25d5-cec8-60cc-d5df-02e80f443476user_sid\Control Panel\Desktop\CursorBlinkRate","SUCCESS","Type: REG_SZ, Length: 8, Data: 530"
"10:49:01,0307539","Notepad.exe","11516","RegQueryValue","\REGISTRY\WC\Silo480a25d5-cec8-60cc-d5df-02e80f443476user_sid\Control Panel\Desktop\CursorBlinkRate","SUCCESS","Type: REG_SZ, Length: 8, Data: 530"
"10:49:01,0308413","Notepad.exe","11516","RegOpenKey","HKLM\Software\Policies\Microsoft\Windows\Control Panel\Desktop","NAME NOT FOUND","Desired Access: Read"
"10:49:01,0308749","Notepad.exe","11516","RegOpenKey","HKCU\Software\Policies\Microsoft\Windows\Control Panel\Desktop","NAME NOT FOUND","Desired Access: Read"
"10:49:01,0309070","Notepad.exe","11516","RegCloseKey","\REGISTRY\WC\Silo480a25d5-cec8-60cc-d5df-02e80f443476user_sid\Control Panel\Desktop","SUCCESS",""
"10:49:01,0372158","Notepad.exe","11516","RegQueryKey","\REGISTRY\WC\Silo480a25d5-cec8-60cc-d5df-02e80f443476user_sid","SUCCESS","Query: HandleTags, HandleTags: 0x0"
"10:49:01,0372314","Notepad.exe","11516","RegOpenKey","\REGISTRY\WC\Silo480a25d5-cec8-60cc-d5df-02e80f443476user_sid\Control Panel\Desktop","SUCCESS","Desired Access: Query Value"
"10:49:01,0372596","Notepad.exe","11516","RegQueryValue","\REGISTRY\WC\Silo480a25d5-cec8-60cc-d5df-02e80f443476user_sid\Control Panel\Desktop\CaretWidth","SUCCESS","Type: REG_DWORD, Length: 4, Data: 1"
"10:49:01,0372725","Notepad.exe","11516","RegQueryValue","\REGISTRY\WC\Silo480a25d5-cec8-60cc-d5df-02e80f443476user_sid\Control Panel\Desktop\CursorBlinkRate","SUCCESS","Type: REG_SZ, Length: 8, Data: 530"
"10:49:01,0372832","Notepad.exe","11516","RegQueryValue","\REGISTRY\WC\Silo480a25d5-cec8-60cc-d5df-02e80f443476user_sid\Control Panel\Desktop\CursorBlinkRate","SUCCESS","Type: REG_SZ, Length: 8, Data: 530"
"10:49:01,0373193","Notepad.exe","11516","RegOpenKey","HKLM\Software\Policies\Microsoft\Windows\Control Panel\Desktop","NAME NOT FOUND","Desired Access: Read"
"10:49:01,0373617","Notepad.exe","11516","RegOpenKey","HKCU\Software\Policies\Microsoft\Windows\Control Panel\Desktop","NAME NOT FOUND","Desired Access: Read"
"10:49:01,0373912","Notepad.exe","11516","RegCloseKey","\REGISTRY\WC\Silo480a25d5-cec8-60cc-d5df-02e80f443476user_sid\Control Panel\Desktop","SUCCESS",""
"10:49:01,0517371","Notepad.exe","11516","RegQueryKey","\REGISTRY\WC\Silo480a25d5-cec8-60cc-d5df-02e80f443476user_sid","SUCCESS","Query: HandleTags, HandleTags: 0x0"
"10:49:01,0517618","Notepad.exe","11516","RegOpenKey","\REGISTRY\WC\Silo480a25d5-cec8-60cc-d5df-02e80f443476user_sid\Control Panel\Desktop","SUCCESS","Desired Access: Query Value"
"10:49:01,0517948","Notepad.exe","11516","RegQueryValue","\REGISTRY\WC\Silo480a25d5-cec8-60cc-d5df-02e80f443476user_sid\Control Panel\Desktop\CaretWidth","SUCCESS","Type: REG_DWORD, Length: 4, Data: 1"
"10:49:01,0518102","Notepad.exe","11516","RegQueryValue","\REGISTRY\WC\Silo480a25d5-cec8-60cc-d5df-02e80f443476user_sid\Control Panel\Desktop\CursorBlinkRate","SUCCESS","Type: REG_SZ, Length: 8, Data: 530"
"10:49:01,0518212","Notepad.exe","11516","RegQueryValue","\REGISTRY\WC\Silo480a25d5-cec8-60cc-d5df-02e80f443476user_sid\Control Panel\Desktop\CursorBlinkRate","SUCCESS","Type: REG_SZ, Length: 8, Data: 530"
"10:49:01,0518642","Notepad.exe","11516","RegOpenKey","HKLM\Software\Policies\Microsoft\Windows\Control Panel\Desktop","NAME NOT FOUND","Desired Access: Read"
"10:49:01,0518979","Notepad.exe","11516","RegOpenKey","HKCU\Software\Policies\Microsoft\Windows\Control Panel\Desktop","NAME NOT FOUND","Desired Access: Read"
"10:49:01,0519459","Notepad.exe","11516","RegCloseKey","\REGISTRY\WC\Silo480a25d5-cec8-60cc-d5df-02e80f443476user_sid\Control Panel\Desktop","SUCCESS",""
"10:49:01,0585282","Notepad.exe","11516","RegQueryKey","\REGISTRY\WC\Silo480a25d5-cec8-60cc-d5df-02e80f443476user_sid","SUCCESS","Query: HandleTags, HandleTags: 0x0"
"10:49:01,0585441","Notepad.exe","11516","RegOpenKey","\REGISTRY\WC\Silo480a25d5-cec8-60cc-d5df-02e80f443476user_sid\Control Panel\Desktop","SUCCESS","Desired Access: Query Value"
"10:49:01,0585726","Notepad.exe","11516","RegQueryValue","\REGISTRY\WC\Silo480a25d5-cec8-60cc-d5df-02e80f443476user_sid\Control Panel\Desktop\CaretWidth","SUCCESS","Type: REG_DWORD, Length: 4, Data: 1"
"10:49:01,0585863","Notepad.exe","11516","RegQueryValue","\REGISTRY\WC\Silo480a25d5-cec8-60cc-d5df-02e80f443476user_sid\Control Panel\Desktop\CursorBlinkRate","SUCCESS","Type: REG_SZ, Length: 8, Data: 530"
"10:49:01,0585962","Notepad.exe","11516","RegQueryValue","\REGISTRY\WC\Silo480a25d5-cec8-60cc-d5df-02e80f443476user_sid\Control Panel\Desktop\CursorBlinkRate","SUCCESS","Type: REG_SZ, Length: 8, Data: 530"
"10:49:01,0586668","Notepad.exe","11516","RegOpenKey","HKLM\Software\Policies\Microsoft\Windows\Control Panel\Desktop","NAME NOT FOUND","Desired Access: Read"
"10:49:01,0587014","Notepad.exe","11516","RegOpenKey","HKCU\Software\Policies\Microsoft\Windows\Control Panel\Desktop","NAME NOT FOUND","Desired Access: Read"
"10:49:01,0587288","Notepad.exe","11516","RegCloseKey","\REGISTRY\WC\Silo480a25d5-cec8-60cc-d5df-02e80f443476user_sid\Control Panel\Desktop","SUCCESS",""
"10:49:01,0734656","Notepad.exe","11516","RegQueryKey","\REGISTRY\WC\Silo480a25d5-cec8-60cc-d5df-02e80f443476user_sid","SUCCESS","Query: HandleTags, HandleTags: 0x0"
"10:49:01,0734857","Notepad.exe","11516","RegOpenKey","\REGISTRY\WC\Silo480a25d5-cec8-60cc-d5df-02e80f443476user_sid\Control Panel\Desktop","SUCCESS","Desired Access: Query Value"
"10:49:01,0735133","Notepad.exe","11516","RegQueryValue","\REGISTRY\WC\Silo480a25d5-cec8-60cc-d5df-02e80f443476user_sid\Control Panel\Desktop\CaretWidth","SUCCESS","Type: REG_DWORD, Length: 4, Data: 1"
"10:49:01,0735258","Notepad.exe","11516","RegQueryValue","\REGISTRY\WC\Silo480a25d5-cec8-60cc-d5df-02e80f443476user_sid\Control Panel\Desktop\CursorBlinkRate","SUCCESS","Type: REG_SZ, Length: 8, Data: 530"
"10:49:01,0735360","Notepad.exe","11516","RegQueryValue","\REGISTRY\WC\Silo480a25d5-cec8-60cc-d5df-02e80f443476user_sid\Control Panel\Desktop\CursorBlinkRate","SUCCESS","Type: REG_SZ, Length: 8, Data: 530"
"10:49:01,0736043","Notepad.exe","11516","RegOpenKey","HKLM\Software\Policies\Microsoft\Windows\Control Panel\Desktop","NAME NOT FOUND","Desired Access: Read"
"10:49:01,0736312","Notepad.exe","11516","RegOpenKey","HKCU\Software\Policies\Microsoft\Windows\Control Panel\Desktop","NAME NOT FOUND","Desired Access: Read"
"10:49:01,0736582","Notepad.exe","11516","RegCloseKey","\REGISTRY\WC\Silo480a25d5-cec8-60cc-d5df-02e80f443476user_sid\Control Panel\Desktop","SUCCESS",""
"10:49:01,0749798","Notepad.exe","11516","RegQueryKey","\REGISTRY\WC\Silo480a25d5-cec8-60cc-d5df-02e80f443476user_sid","SUCCESS","Query: HandleTags, HandleTags: 0x0"
"10:49:01,0749982","Notepad.exe","11516","RegOpenKey","\REGISTRY\WC\Silo480a25d5-cec8-60cc-d5df-02e80f443476user_sid\Control Panel\Desktop","SUCCESS","Desired Access: Query Value"
"10:49:01,0750238","Notepad.exe","11516","RegQueryValue","\REGISTRY\WC\Silo480a25d5-cec8-60cc-d5df-02e80f443476user_sid\Control Panel\Desktop\CaretWidth","SUCCESS","Type: REG_DWORD, Length: 4, Data: 1"
"10:49:01,0750365","Notepad.exe","11516","RegQueryValue","\REGISTRY\WC\Silo480a25d5-cec8-60cc-d5df-02e80f443476user_sid\Control Panel\Desktop\CursorBlinkRate","SUCCESS","Type: REG_SZ, Length: 8, Data: 530"
"10:49:01,0750471","Notepad.exe","11516","RegQueryValue","\REGISTRY\WC\Silo480a25d5-cec8-60cc-d5df-02e80f443476user_sid\Control Panel\Desktop\CursorBlinkRate","SUCCESS","Type: REG_SZ, Length: 8, Data: 530"
"10:49:01,0750955","Notepad.exe","11516","RegOpenKey","HKLM\Software\Policies\Microsoft\Windows\Control Panel\Desktop","NAME NOT FOUND","Desired Access: Read"
"10:49:01,0751204","Notepad.exe","11516","RegOpenKey","HKCU\Software\Policies\Microsoft\Windows\Control Panel\Desktop","NAME NOT FOUND","Desired Access: Read"
"10:49:01,0751440","Notepad.exe","11516","RegCloseKey","\REGISTRY\WC\Silo480a25d5-cec8-60cc-d5df-02e80f443476user_sid\Control Panel\Desktop","SUCCESS",""
"10:49:01,0803813","Notepad.exe","11516","RegQueryKey","\REGISTRY\WC\Silo480a25d5-cec8-60cc-d5df-02e80f443476user_sid","SUCCESS","Query: HandleTags, HandleTags: 0x0"
"10:49:01,0804009","Notepad.exe","11516","RegOpenKey","\REGISTRY\WC\Silo480a25d5-cec8-60cc-d5df-02e80f443476user_sid\Control Panel\Desktop","SUCCESS","Desired Access: Query Value"
"10:49:01,0804321","Notepad.exe","11516","RegQueryValue","\REGISTRY\WC\Silo480a25d5-cec8-60cc-d5df-02e80f443476user_sid\Control Panel\Desktop\CaretWidth","SUCCESS","Type: REG_DWORD, Length: 4, Data: 1"
"10:49:01,0804455","Notepad.exe","11516","RegQueryValue","\REGISTRY\WC\Silo480a25d5-cec8-60cc-d5df-02e80f443476user_sid\Control Panel\Desktop\CursorBlinkRate","SUCCESS","Type: REG_SZ, Length: 8, Data: 530"
"10:49:01,0804555","Notepad.exe","11516","RegQueryValue","\REGISTRY\WC\Silo480a25d5-cec8-60cc-d5df-02e80f443476user_sid\Control Panel\Desktop\CursorBlinkRate","SUCCESS","Type: REG_SZ, Length: 8, Data: 530"
"10:49:01,0805344","Notepad.exe","11516","RegOpenKey","HKLM\Software\Policies\Microsoft\Windows\Control Panel\Desktop","NAME NOT FOUND","Desired Access: Read"
"10:49:01,0805634","Notepad.exe","11516","RegOpenKey","HKCU\Software\Policies\Microsoft\Windows\Control Panel\Desktop","NAME NOT FOUND","Desired Access: Read"
"10:49:01,0805915","Notepad.exe","11516","RegCloseKey","\REGISTRY\WC\Silo480a25d5-cec8-60cc-d5df-02e80f443476user_sid\Control Panel\Desktop","SUCCESS",""
"10:49:01,1377102","Notepad.exe","11516","RegQueryKey","\REGISTRY\WC\Silo480a25d5-cec8-60cc-d5df-02e80f443476user_sid","SUCCESS","Query: HandleTags, HandleTags: 0x0"
"10:49:01,1377342","Notepad.exe","11516","RegOpenKey","\REGISTRY\WC\Silo480a25d5-cec8-60cc-d5df-02e80f443476user_sid\Control Panel\Desktop","SUCCESS","Desired Access: Query Value"
"10:49:01,1377796","Notepad.exe","11516","RegQueryValue","\REGISTRY\WC\Silo480a25d5-cec8-60cc-d5df-02e80f443476user_sid\Control Panel\Desktop\CaretWidth","SUCCESS","Type: REG_DWORD, Length: 4, Data: 1"
"10:49:01,1378228","Notepad.exe","11516","RegQueryValue","\REGISTRY\WC\Silo480a25d5-cec8-60cc-d5df-02e80f443476user_sid\Control Panel\Desktop\CursorBlinkRate","SUCCESS","Type: REG_SZ, Length: 8, Data: 530"
"10:49:01,1378795","Notepad.exe","11516","RegQueryValue","\REGISTRY\WC\Silo480a25d5-cec8-60cc-d5df-02e80f443476user_sid\Control Panel\Desktop\CursorBlinkRate","SUCCESS","Type: REG_SZ, Length: 8, Data: 530"
"10:49:01,1379181","Notepad.exe","11516","RegOpenKey","HKLM\Software\Policies\Microsoft\Windows\Control Panel\Desktop","NAME NOT FOUND","Desired Access: Read"
"10:49:01,1379575","Notepad.exe","11516","RegOpenKey","HKCU\Software\Policies\Microsoft\Windows\Control Panel\Desktop","NAME NOT FOUND","Desired Access: Read"
"10:49:01,1379908","Notepad.exe","11516","RegCloseKey","\REGISTRY\WC\Silo480a25d5-cec8-60cc-d5df-02e80f443476user_sid\Control Panel\Desktop","SUCCESS",""
"10:49:01,2000246","Notepad.exe","11516","RegQueryKey","\REGISTRY\WC\Silo480a25d5-cec8-60cc-d5df-02e80f443476user_sid","SUCCESS","Query: HandleTags, HandleTags: 0x0"
"10:49:01,2000470","Notepad.exe","11516","RegOpenKey","\REGISTRY\WC\Silo480a25d5-cec8-60cc-d5df-02e80f443476user_sid\Control Panel\Desktop","SUCCESS","Desired Access: Query Value"
"10:49:01,2000801","Notepad.exe","11516","RegQueryValue","\REGISTRY\WC\Silo480a25d5-cec8-60cc-d5df-02e80f443476user_sid\Control Panel\Desktop\CaretWidth","SUCCESS","Type: REG_DWORD, Length: 4, Data: 1"
"10:49:01,2000936","Notepad.exe","11516","RegQueryValue","\REGISTRY\WC\Silo480a25d5-cec8-60cc-d5df-02e80f443476user_sid\Control Panel\Desktop\CursorBlinkRate","SUCCESS","Type: REG_SZ, Length: 8, Data: 530"
"10:49:01,2001044","Notepad.exe","11516","RegQueryValue","\REGISTRY\WC\Silo480a25d5-cec8-60cc-d5df-02e80f443476user_sid\Control Panel\Desktop\CursorBlinkRate","SUCCESS","Type: REG_SZ, Length: 8, Data: 530"
"10:49:01,2001877","Notepad.exe","11516","RegOpenKey","HKLM\Software\Policies\Microsoft\Windows\Control Panel\Desktop","NAME NOT FOUND","Desired Access: Read"
"10:49:01,2002309","Notepad.exe","11516","RegOpenKey","HKCU\Software\Policies\Microsoft\Windows\Control Panel\Desktop","NAME NOT FOUND","Desired Access: Read"
"10:49:01,2002604","Notepad.exe","11516","RegCloseKey","\REGISTRY\WC\Silo480a25d5-cec8-60cc-d5df-02e80f443476user_sid\Control Panel\Desktop","SUCCESS",""
"10:49:01,2623844","Notepad.exe","11516","RegQueryKey","\REGISTRY\WC\Silo480a25d5-cec8-60cc-d5df-02e80f443476user_sid","SUCCESS","Query: HandleTags, HandleTags: 0x0"
"10:49:01,2624066","Notepad.exe","11516","RegOpenKey","\REGISTRY\WC\Silo480a25d5-cec8-60cc-d5df-02e80f443476user_sid\Control Panel\Desktop","SUCCESS","Desired Access: Query Value"
"10:49:01,2624408","Notepad.exe","11516","RegQueryValue","\REGISTRY\WC\Silo480a25d5-cec8-60cc-d5df-02e80f443476user_sid\Control Panel\Desktop\CaretWidth","SUCCESS","Type: REG_DWORD, Length: 4, Data: 1"
"10:49:01,2624545","Notepad.exe","11516","RegQueryValue","\REGISTRY\WC\Silo480a25d5-cec8-60cc-d5df-02e80f443476user_sid\Control Panel\Desktop\CursorBlinkRate","SUCCESS","Type: REG_SZ, Length: 8, Data: 530"
"10:49:01,2624637","Notepad.exe","11516","RegQueryValue","\REGISTRY\WC\Silo480a25d5-cec8-60cc-d5df-02e80f443476user_sid\Control Panel\Desktop\CursorBlinkRate","SUCCESS","Type: REG_SZ, Length: 8, Data: 530"
"10:49:01,2625593","Notepad.exe","11516","RegOpenKey","HKLM\Software\Policies\Microsoft\Windows\Control Panel\Desktop","NAME NOT FOUND","Desired Access: Read"
"10:49:01,2626083","Notepad.exe","11516","RegOpenKey","HKCU\Software\Policies\Microsoft\Windows\Control Panel\Desktop","NAME NOT FOUND","Desired Access: Read"
"10:49:01,2626748","Notepad.exe","11516","RegCloseKey","\REGISTRY\WC\Silo480a25d5-cec8-60cc-d5df-02e80f443476user_sid\Control Panel\Desktop","SUCCESS",""
"10:49:02,1171847","Notepad.exe","11516","RegQueryKey","\REGISTRY\WC\Silo480a25d5-cec8-60cc-d5df-02e80f443476user_sid","SUCCESS","Query: HandleTags, HandleTags: 0x0"
"10:49:02,1172091","Notepad.exe","11516","RegOpenKey","\REGISTRY\WC\Silo480a25d5-cec8-60cc-d5df-02e80f443476user_sid\Control Panel\Desktop","SUCCESS","Desired Access: Query Value"
"10:49:02,1172501","Notepad.exe","11516","RegQueryValue","\REGISTRY\WC\Silo480a25d5-cec8-60cc-d5df-02e80f443476user_sid\Control Panel\Desktop\CaretWidth","SUCCESS","Type: REG_DWORD, Length: 4, Data: 1"
"10:49:02,1172680","Notepad.exe","11516","RegQueryValue","\REGISTRY\WC\Silo480a25d5-cec8-60cc-d5df-02e80f443476user_sid\Control Panel\Desktop\CursorBlinkRate","SUCCESS","Type: REG_SZ, Length: 8, Data: 530"
"10:49:02,1172811","Notepad.exe","11516","RegQueryValue","\REGISTRY\WC\Silo480a25d5-cec8-60cc-d5df-02e80f443476user_sid\Control Panel\Desktop\CursorBlinkRate","SUCCESS","Type: REG_SZ, Length: 8, Data: 530"
"10:49:02,1173433","Notepad.exe","11516","RegOpenKey","HKLM\Software\Policies\Microsoft\Windows\Control Panel\Desktop","NAME NOT FOUND","Desired Access: Read"
"10:49:02,1173824","Notepad.exe","11516","RegOpenKey","HKCU\Software\Policies\Microsoft\Windows\Control Panel\Desktop","NAME NOT FOUND","Desired Access: Read"
"10:49:02,1174219","Notepad.exe","11516","RegCloseKey","\REGISTRY\WC\Silo480a25d5-cec8-60cc-d5df-02e80f443476user_sid\Control Panel\Desktop","SUCCESS",""
"10:49:02,1296200","Notepad.exe","11516","LockFile","C:\Users\arina\AppData\LocalLow\dbb17a6be212ef685ba97fbba526dd2acf51c2e342e255cd4905a3ef0d0cc239","SUCCESS","Exclusive: True, Offset: 0, Length: 4 294 967 295, Fail Immediately: False"
"10:49:02,1296396","Notepad.exe","11516","QueryBasicInformationFile","C:\Users\arina\AppData\LocalLow\dbb17a6be212ef685ba97fbba526dd2acf51c2e342e255cd4905a3ef0d0cc239","SUCCESS","CreationTime: 13.08.2025 21:25:10, LastAccessTime: 06.06.2026 15:19:55, LastWriteTime: 06.06.2026 15:19:55, ChangeTime: 25.09.2026 21:07:42, FileAttributes: ANCI"
"10:49:02,1296557","Notepad.exe","11516","UnlockFileSingle","C:\Users\arina\AppData\LocalLow\dbb17a6be212ef685ba97fbba526dd2acf51c2e342e255cd4905a3ef0d0cc239","SUCCESS","Offset: 0, Length: 4 294 967 295"
"10:49:03,4008901","Notepad.exe","11516","CreateFile","C:\Users\arina\Desktop\университет\OS_Lab1\Experiments\проверка лр номер 1.txt","SUCCESS","Desired Access: Read Attributes, Disposition: Open, Options: Open Reparse Point, Attributes: n/a, ShareMode: Read, Write, Delete, AllocationSize: n/a, OpenResult: Opened"
"10:49:03,4009231","Notepad.exe","11516","QueryBasicInformationFile","C:\Users\arina\Desktop\университет\OS_Lab1\Experiments\проверка лр номер 1.txt","SUCCESS","CreationTime: 26.09.2026 10:41:29, LastAccessTime: 26.09.2026 10:48:24, LastWriteTime: 26.09.2026 10:45:33, ChangeTime: 26.09.2026 10:45:33, FileAttributes: A"
"10:49:03,4009371","Notepad.exe","11516","CloseFile","C:\Users\arina\Desktop\университет\OS_Lab1\Experiments\проверка лр номер 1.txt","SUCCESS",""
"10:49:03,4009819","Notepad.exe","11516","CreateFile","C:\","SUCCESS","Desired Access: Read Data/List Directory, Synchronize, Disposition: Open, Options: Directory, Synchronous IO Non-Alert, Attributes: n/a, ShareMode: Read, Write, Delete, AllocationSize: n/a, OpenResult: Opened"
"10:49:03,4010233","Notepad.exe","11516","QueryDirectory","C:\Users","SUCCESS","FileInformationClass: FileBothDirectoryInformation, Filter: Users, 2: Users"
"10:49:03,4010668","Notepad.exe","11516","CloseFile","C:\","SUCCESS",""
"10:49:03,4011532","Notepad.exe","11516","CreateFile","C:\Users","SUCCESS","Desired Access: Read Data/List Directory, Synchronize, Disposition: Open, Options: Directory, Synchronous IO Non-Alert, Attributes: n/a, ShareMode: Read, Write, Delete, AllocationSize: n/a, OpenResult: Opened"
"10:49:03,4011874","Notepad.exe","11516","QueryDirectory","C:\Users\arina","SUCCESS","FileInformationClass: FileBothDirectoryInformation, Filter: arina, 2: arina"
"10:49:03,4012120","Notepad.exe","11516","CloseFile","C:\Users","SUCCESS",""
"10:49:03,4012946","Notepad.exe","11516","CreateFile","C:\Users\arina","SUCCESS","Desired Access: Read Data/List Directory, Synchronize, Disposition: Open, Options: Directory, Synchronous IO Non-Alert, Attributes: n/a, ShareMode: Read, Write, Delete, AllocationSize: n/a, OpenResult: Opened"
"10:49:03,4013353","Notepad.exe","11516","QueryDirectory","C:\Users\arina\Desktop","SUCCESS","FileInformationClass: FileBothDirectoryInformation, Filter: Desktop, 2: Desktop"
"10:49:03,4013602","Notepad.exe","11516","CloseFile","C:\Users\arina","SUCCESS",""
"10:49:03,4014490","Notepad.exe","11516","CreateFile","C:\Users\arina\Desktop\университет","SUCCESS","Desired Access: Read Data/List Directory, Synchronize, Disposition: Open, Options: Directory, Synchronous IO Non-Alert, Attributes: n/a, ShareMode: Read, Write, Delete, AllocationSize: n/a, OpenResult: Opened"
"10:49:03,4014788","Notepad.exe","11516","QueryDirectory","C:\Users\arina\Desktop\университет\OS_Lab1","SUCCESS","FileInformationClass: FileBothDirectoryInformation, Filter: OS_Lab1, 2: OS_Lab1"
"10:49:03,4014993","Notepad.exe","11516","CloseFile","C:\Users\arina\Desktop\университет","SUCCESS",""
"10:49:03,4016458","Notepad.exe","11516","CreateFile","C:\Users\arina\Desktop\университет\OS_Lab1\Experiments\проверка лр номер 1.txt","SUCCESS","Desired Access: Read Attributes, Disposition: Open, Options: Open Reparse Point, Attributes: n/a, ShareMode: Read, Write, Delete, AllocationSize: n/a, OpenResult: Opened"
"10:49:03,4016655","Notepad.exe","11516","QueryBasicInformationFile","C:\Users\arina\Desktop\университет\OS_Lab1\Experiments\проверка лр номер 1.txt","SUCCESS","CreationTime: 26.09.2026 10:41:29, LastAccessTime: 26.09.2026 10:48:24, LastWriteTime: 26.09.2026 10:45:33, ChangeTime: 26.09.2026 10:45:33, FileAttributes: A"
"10:49:03,4016776","Notepad.exe","11516","CloseFile","C:\Users\arina\Desktop\университет\OS_Lab1\Experiments\проверка лр номер 1.txt","SUCCESS",""
"10:49:03,4017737","Notepad.exe","11516","CreateFile","C:\Users\arina\Desktop\университет\OS_Lab1\Experiments\проверка лр номер 1.txt","SUCCESS","Desired Access: Generic Read/Write, Disposition: OpenIf, Options: Synchronous IO Non-Alert, Non-Directory File, Disallow Exclusive, Attributes: N, ShareMode: Read, AllocationSize: 0, OpenResult: Opened"
"10:49:03,4020076","Notepad.exe","11516","WriteFile","C:\Users\arina\Desktop\университет\OS_Lab1\Experiments\проверка лр номер 1.txt","SUCCESS","Offset: 0, Length: 57, Priority: Normal"
"10:49:03,4021947","Notepad.exe","11516","SetEndOfFileInformationFile","C:\Users\arina\Desktop\университет\OS_Lab1\Experiments\проверка лр номер 1.txt","SUCCESS","EndOfFile: 57"
"10:49:03,4022453","Notepad.exe","11516","SetAllocationInformationFile","C:\Users\arina\Desktop\университет\OS_Lab1\Experiments\проверка лр номер 1.txt","SUCCESS","AllocationSize: 57"
"10:49:03,4022886","Notepad.exe","11516","CloseFile","C:\Users\arina\Desktop\университет\OS_Lab1\Experiments\проверка лр номер 1.txt","SUCCESS",""
"10:49:03,4033025","Notepad.exe","11516","CreateFile","C:\Users\arina\Desktop\университет\OS_Lab1\Experiments\проверка лр номер 1.txt","SUCCESS","Desired Access: Read Attributes, Disposition: Open, Options: Open Reparse Point, Attributes: n/a, ShareMode: Read, Write, Delete, AllocationSize: n/a, OpenResult: Opened"
"10:49:03,4033317","Notepad.exe","11516","QueryNetworkOpenInformationFile","C:\Users\arina\Desktop\университет\OS_Lab1\Experiments\проверка лр номер 1.txt","SUCCESS","CreationTime: 26.09.2026 10:41:29, LastAccessTime: 26.09.2026 10:49:03, LastWriteTime: 26.09.2026 10:49:03, ChangeTime: 26.09.2026 10:49:03, AllocationSize: 01.01.1601 3:00:00, EndOfFile: 01.01.1601 3:00:00, FileAttributes: A"
"10:49:03,4033447","Notepad.exe","11516","CloseFile","C:\Users\arina\Desktop\университет\OS_Lab1\Experiments\проверка лр номер 1.txt","SUCCESS",""
"10:49:03,4033632","Notepad.exe","11516","FileSystemControl","C:\Users\arina\Desktop\университет\OS_Lab1\Experiments\проверка лр номер 1.txt","SUCCESS","Control: FSCTL_QUERY_FILE_REGIONS"
"10:49:03,4035153","Notepad.exe","11516","CreateFile","C:\Users\arina\Desktop\университет\OS_Lab1\Experiments\проверка лр номер 1.txt","SUCCESS","Desired Access: Read Attributes, Disposition: Open, Options: Open Reparse Point, Attributes: n/a, ShareMode: Read, Write, Delete, AllocationSize: n/a, OpenResult: Opened"
"10:49:03,4035338","Notepad.exe","11516","QueryNetworkOpenInformationFile","C:\Users\arina\Desktop\университет\OS_Lab1\Experiments\проверка лр номер 1.txt","SUCCESS","CreationTime: 26.09.2026 10:41:29, LastAccessTime: 26.09.2026 10:49:03, LastWriteTime: 26.09.2026 10:49:03, ChangeTime: 26.09.2026 10:49:03, AllocationSize: 01.01.1601 3:00:00, EndOfFile: 01.01.1601 3:00:00, FileAttributes: A"
"10:49:03,4035439","Notepad.exe","11516","CloseFile","C:\Users\arina\Desktop\университет\OS_Lab1\Experiments\проверка лр номер 1.txt","SUCCESS",""
"10:49:03,4035576","Notepad.exe","11516","FileSystemControl","C:\Users\arina\Desktop\университет\OS_Lab1\Experiments\проверка лр номер 1.txt","SUCCESS","Control: FSCTL_QUERY_FILE_REGIONS"
"10:49:03,4052891","Notepad.exe","11516","CreateFile","C:\Users\arina\AppData\Local\Packages\Microsoft.WindowsNotepad_8wekyb3d8bbwe\LocalState\TabState\30a1471c-3787-49eb-b6b7-7eafa029c87f.bin.tmp","SUCCESS","Desired Access: Generic Read/Write, Disposition: OverwriteIf, Options: Synchronous IO Non-Alert, Non-Directory File, Disallow Exclusive, Attributes: N, ShareMode: Read, Write, AllocationSize: 0, OpenResult: Created"
"10:49:03,4055223","Notepad.exe","11516","WriteFile","C:\Users\arina\AppData\Local\Packages\Microsoft.WindowsNotepad_8wekyb3d8bbwe\LocalState\TabState\30a1471c-3787-49eb-b6b7-7eafa029c87f.bin.tmp","SUCCESS","Offset: 0, Length: 210, Priority: Normal"
"10:49:03,4056104","Notepad.exe","11516","ReadFile","C:\Users\arina\AppData\Local\Packages\Microsoft.WindowsNotepad_8wekyb3d8bbwe\LocalState\TabState\30a1471c-3787-49eb-b6b7-7eafa029c87f.bin.tmp","SUCCESS","Offset: 3, Length: 207"
"10:49:03,4056508","Notepad.exe","11516","WriteFile","C:\Users\arina\AppData\Local\Packages\Microsoft.WindowsNotepad_8wekyb3d8bbwe\LocalState\TabState\30a1471c-3787-49eb-b6b7-7eafa029c87f.bin.tmp","SUCCESS","Offset: 210, Length: 4, Priority: Normal"
"10:49:03,4056771","Notepad.exe","11516","CloseFile","C:\Users\arina\AppData\Local\Packages\Microsoft.WindowsNotepad_8wekyb3d8bbwe\LocalState\TabState\30a1471c-3787-49eb-b6b7-7eafa029c87f.bin.tmp","SUCCESS",""
"10:49:03,4057539","Notepad.exe","11516","CloseFile","C:\Users\arina\AppData\Local\Packages\Microsoft.WindowsNotepad_8wekyb3d8bbwe\LocalState\TabState\30a1471c-3787-49eb-b6b7-7eafa029c87f.bin","SUCCESS",""
"10:49:03,4059825","Notepad.exe","11516","CreateFile","C:\Users\arina\AppData\Local\Packages\Microsoft.WindowsNotepad_8wekyb3d8bbwe\LocalState\TabState\30a1471c-3787-49eb-b6b7-7eafa029c87f.bin","SUCCESS","Desired Access: Read Attributes, Disposition: Open, Options: Open Reparse Point, Attributes: n/a, ShareMode: Read, Write, Delete, AllocationSize: n/a, OpenResult: Opened"
"10:49:03,4060070","Notepad.exe","11516","QueryNetworkOpenInformationFile","C:\Users\arina\AppData\Local\Packages\Microsoft.WindowsNotepad_8wekyb3d8bbwe\LocalState\TabState\30a1471c-3787-49eb-b6b7-7eafa029c87f.bin","SUCCESS","CreationTime: 26.09.2026 10:33:57, LastAccessTime: 26.09.2026 10:48:31, LastWriteTime: 26.09.2026 10:48:31, ChangeTime: 26.09.2026 10:48:31, AllocationSize: 01.01.1601 3:00:00, EndOfFile: 01.01.1601 3:00:00, FileAttributes: A"
"10:49:03,4060171","Notepad.exe","11516","CloseFile","C:\Users\arina\AppData\Local\Packages\Microsoft.WindowsNotepad_8wekyb3d8bbwe\LocalState\TabState\30a1471c-3787-49eb-b6b7-7eafa029c87f.bin","SUCCESS",""
"10:49:03,4060310","Notepad.exe","11516","FileSystemControl","C:\Users\arina\AppData\Local\Packages\Microsoft.WindowsNotepad_8wekyb3d8bbwe\LocalState\TabState\30a1471c-3787-49eb-b6b7-7eafa029c87f.bin","SUCCESS","Control: FSCTL_QUERY_FILE_REGIONS"
"10:49:03,4061823","Notepad.exe","11516","CreateFile","C:\Users\arina\AppData\Local\Packages\Microsoft.WindowsNotepad_8wekyb3d8bbwe\LocalState\TabState\30a1471c-3787-49eb-b6b7-7eafa029c87f.bin.bak","NAME NOT FOUND","Desired Access: Read Attributes, Disposition: Open, Options: Open Reparse Point, Attributes: n/a, ShareMode: Read, Write, Delete, AllocationSize: n/a"
"10:49:03,4062694","Notepad.exe","11516","CreateFile","C:\Users\arina\AppData\Local\Packages\Microsoft.WindowsNotepad_8wekyb3d8bbwe\LocalState\TabState\30a1471c-3787-49eb-b6b7-7eafa029c87f.bin","SUCCESS","Desired Access: Read Attributes, Delete, Synchronize, Disposition: Open, Options: Synchronous IO Non-Alert, Open Reparse Point, Attributes: n/a, ShareMode: Read, Write, Delete, AllocationSize: n/a, OpenResult: Opened"
"10:49:03,4063108","Notepad.exe","11516","QueryAttributeTagFile","C:\Users\arina\AppData\Local\Packages\Microsoft.WindowsNotepad_8wekyb3d8bbwe\LocalState\TabState\30a1471c-3787-49eb-b6b7-7eafa029c87f.bin","SUCCESS","Attributes: A, ReparseTag: 0x0"
"10:49:03,4063258","Notepad.exe","11516","QueryBasicInformationFile","C:\Users\arina\AppData\Local\Packages\Microsoft.WindowsNotepad_8wekyb3d8bbwe\LocalState\TabState\30a1471c-3787-49eb-b6b7-7eafa029c87f.bin","SUCCESS","CreationTime: 26.09.2026 10:33:57, LastAccessTime: 26.09.2026 10:48:31, LastWriteTime: 26.09.2026 10:48:31, ChangeTime: 26.09.2026 10:48:31, FileAttributes: A"
"10:49:03,4063959","Notepad.exe","11516","CreateFile","C:\Users\arina\AppData\Local\Packages\Microsoft.WindowsNotepad_8wekyb3d8bbwe\LocalState\TabState","SUCCESS","Desired Access: Write Data/Add File, Synchronize, Disposition: Open, Options: , Attributes: n/a, ShareMode: Read, Write, Delete, AllocationSize: n/a, OpenResult: Opened"
"10:49:03,4064417","Notepad.exe","11516","SetRenameInformationFile","C:\Users\arina\AppData\Local\Packages\Microsoft.WindowsNotepad_8wekyb3d8bbwe\LocalState\TabState\30a1471c-3787-49eb-b6b7-7eafa029c87f.bin","SUCCESS","ReplaceIfExists: True, FileName: C:\Users\arina\AppData\Local\Packages\Microsoft.WindowsNotepad_8wekyb3d8bbwe\LocalState\TabState\30a1471c-3787-49eb-b6b7-7eafa029c87f.bin.bak"
"10:49:03,4066382","Notepad.exe","11516","CloseFile","C:\Users\arina\AppData\Local\Packages\Microsoft.WindowsNotepad_8wekyb3d8bbwe\LocalState\TabState","SUCCESS",""
"10:49:03,4066736","Notepad.exe","11516","CloseFile","C:\Users\arina\AppData\Local\Packages\Microsoft.WindowsNotepad_8wekyb3d8bbwe\LocalState\TabState\30a1471c-3787-49eb-b6b7-7eafa029c87f.bin.bak","SUCCESS",""
"10:49:03,4066868","Notepad.exe","11516","FileSystemControl","C:\Users\arina\AppData\Local\Packages\Microsoft.WindowsNotepad_8wekyb3d8bbwe\LocalState\TabState\30a1471c-3787-49eb-b6b7-7eafa029c87f.bin.bak","SUCCESS","Control: FSCTL_QUERY_FILE_REGIONS"
"10:49:03,4068270","Notepad.exe","11516","CreateFile","C:\Users\arina\AppData\Local\Packages\Microsoft.WindowsNotepad_8wekyb3d8bbwe\LocalState\TabState\30a1471c-3787-49eb-b6b7-7eafa029c87f.0.bin","NAME NOT FOUND","Desired Access: Read Attributes, Write Attributes, Delete, Synchronize, Disposition: Open, Options: Synchronous IO Non-Alert, Open Reparse Point, Disallow Exclusive, Attributes: n/a, ShareMode: Read, Write, Delete, AllocationSize: n/a"
"10:49:03,4069131","Notepad.exe","11516","CreateFile","C:\Users\arina\AppData\Local\Packages\Microsoft.WindowsNotepad_8wekyb3d8bbwe\LocalState\TabState\30a1471c-3787-49eb-b6b7-7eafa029c87f.1.bin","NAME NOT FOUND","Desired Access: Read Attributes, Write Attributes, Delete, Synchronize, Disposition: Open, Options: Synchronous IO Non-Alert, Open Reparse Point, Disallow Exclusive, Attributes: n/a, ShareMode: Read, Write, Delete, AllocationSize: n/a"
"10:49:03,4069953","Notepad.exe","11516","CreateFile","C:\Users\arina\AppData\Local\Packages\Microsoft.WindowsNotepad_8wekyb3d8bbwe\LocalState\TabState\30a1471c-3787-49eb-b6b7-7eafa029c87f.bin.tmp","SUCCESS","Desired Access: Read Attributes, Delete, Synchronize, Disposition: Open, Options: Synchronous IO Non-Alert, Open Reparse Point, Attributes: n/a, ShareMode: Read, Write, Delete, AllocationSize: n/a, OpenResult: Opened"
"10:49:03,4070270","Notepad.exe","11516","QueryAttributeTagFile","C:\Users\arina\AppData\Local\Packages\Microsoft.WindowsNotepad_8wekyb3d8bbwe\LocalState\TabState\30a1471c-3787-49eb-b6b7-7eafa029c87f.bin.tmp","SUCCESS","Attributes: A, ReparseTag: 0x0"
"10:49:03,4070399","Notepad.exe","11516","QueryBasicInformationFile","C:\Users\arina\AppData\Local\Packages\Microsoft.WindowsNotepad_8wekyb3d8bbwe\LocalState\TabState\30a1471c-3787-49eb-b6b7-7eafa029c87f.bin.tmp","SUCCESS","CreationTime: 26.09.2026 10:49:03, LastAccessTime: 26.09.2026 10:49:03, LastWriteTime: 26.09.2026 10:49:03, ChangeTime: 26.09.2026 10:49:03, FileAttributes: A"
"10:49:03,4071030","Notepad.exe","11516","CreateFile","C:\Users\arina\AppData\Local\Packages\Microsoft.WindowsNotepad_8wekyb3d8bbwe\LocalState\TabState","SUCCESS","Desired Access: Write Data/Add File, Synchronize, Disposition: Open, Options: , Attributes: n/a, ShareMode: Read, Write, Delete, AllocationSize: n/a, OpenResult: Opened"
"10:49:03,4071429","Notepad.exe","11516","SetRenameInformationFile","C:\Users\arina\AppData\Local\Packages\Microsoft.WindowsNotepad_8wekyb3d8bbwe\LocalState\TabState\30a1471c-3787-49eb-b6b7-7eafa029c87f.bin.tmp","SUCCESS","ReplaceIfExists: True, FileName: C:\Users\arina\AppData\Local\Packages\Microsoft.WindowsNotepad_8wekyb3d8bbwe\LocalState\TabState\30a1471c-3787-49eb-b6b7-7eafa029c87f.bin"
"10:49:03,4073147","Notepad.exe","11516","CloseFile","C:\Users\arina\AppData\Local\Packages\Microsoft.WindowsNotepad_8wekyb3d8bbwe\LocalState\TabState","SUCCESS",""
"10:49:03,4073462","Notepad.exe","11516","CloseFile","C:\Users\arina\AppData\Local\Packages\Microsoft.WindowsNotepad_8wekyb3d8bbwe\LocalState\TabState\30a1471c-3787-49eb-b6b7-7eafa029c87f.bin","SUCCESS",""
"10:49:03,4073585","Notepad.exe","11516","FileSystemControl","C:\Users\arina\AppData\Local\Packages\Microsoft.WindowsNotepad_8wekyb3d8bbwe\LocalState\TabState\30a1471c-3787-49eb-b6b7-7eafa029c87f.bin","SUCCESS","Control: FSCTL_QUERY_FILE_REGIONS"
"10:49:03,4077412","Notepad.exe","11516","CreateFile","C:\Users\arina\AppData\Local\Packages\Microsoft.WindowsNotepad_8wekyb3d8bbwe\LocalState\TabState\30a1471c-3787-49eb-b6b7-7eafa029c87f.bin","SUCCESS","Desired Access: Generic Read/Write, Disposition: Open, Options: Synchronous IO Non-Alert, Non-Directory File, Disallow Exclusive, Attributes: N, ShareMode: Read, Write, AllocationSize: n/a, OpenResult: Opened"
"10:49:03,4078140","Notepad.exe","11516","QueryEAFile","C:\Users\arina\AppData\Local\Packages\Microsoft.WindowsNotepad_8wekyb3d8bbwe\LocalState\TabState\30a1471c-3787-49eb-b6b7-7eafa029c87f.bin","SUCCESS",""
"10:49:03,4131315","Notepad.exe","11516","LockFile","C:\Users\arina\AppData\LocalLow\dbb17a6be212ef685ba97fbba526dd2acf51c2e342e255cd4905a3ef0d0cc239","SUCCESS","Exclusive: True, Offset: 0, Length: 4 294 967 295, Fail Immediately: False"
"10:49:03,4131676","Notepad.exe","11516","QueryBasicInformationFile","C:\Users\arina\AppData\LocalLow\dbb17a6be212ef685ba97fbba526dd2acf51c2e342e255cd4905a3ef0d0cc239","SUCCESS","CreationTime: 13.08.2025 21:25:10, LastAccessTime: 06.06.2026 15:19:55, LastWriteTime: 06.06.2026 15:19:55, ChangeTime: 25.09.2026 21:07:42, FileAttributes: ANCI"
"10:49:03,4131958","Notepad.exe","11516","UnlockFileSingle","C:\Users\arina\AppData\LocalLow\dbb17a6be212ef685ba97fbba526dd2acf51c2e342e255cd4905a3ef0d0cc239","SUCCESS","Offset: 0, Length: 4 294 967 295"
"10:49:03,4151774","Notepad.exe","11516","QueryStandardInformationFile","C:\Users\arina\AppData\Local\Packages\Microsoft.WindowsNotepad_8wekyb3d8bbwe\LocalState\TabState\30a1471c-3787-49eb-b6b7-7eafa029c87f.bin","SUCCESS","AllocationSize: 216, EndOfFile: 214, NumberOfLinks: 1, DeletePending: False, Directory: False"
"10:49:03,4154399","Notepad.exe","11516","CreateFile","C:\Users\arina\AppData\Local\Packages\Microsoft.WindowsNotepad_8wekyb3d8bbwe\LocalState\TabState\30a1471c-3787-49eb-b6b7-7eafa029c87f.0.bin","NAME NOT FOUND","Desired Access: Read Attributes, Disposition: Open, Options: Open Reparse Point, Attributes: n/a, ShareMode: Read, Write, Delete, AllocationSize: n/a"
"10:49:03,4155978","Notepad.exe","11516","CreateFile","C:\Users\arina\AppData\Local\Packages\Microsoft.WindowsNotepad_8wekyb3d8bbwe\LocalState\TabState\30a1471c-3787-49eb-b6b7-7eafa029c87f.bin.bak","SUCCESS","Desired Access: Read Attributes, Disposition: Open, Options: Open Reparse Point, Attributes: n/a, ShareMode: Read, Write, Delete, AllocationSize: n/a, OpenResult: Opened"
"10:49:03,4157141","Notepad.exe","11516","QueryNetworkOpenInformationFile","C:\Users\arina\AppData\Local\Packages\Microsoft.WindowsNotepad_8wekyb3d8bbwe\LocalState\TabState\30a1471c-3787-49eb-b6b7-7eafa029c87f.bin.bak","SUCCESS","CreationTime: 26.09.2026 10:33:57, LastAccessTime: 26.09.2026 10:48:31, LastWriteTime: 26.09.2026 10:48:31, ChangeTime: 26.09.2026 10:49:03, AllocationSize: 01.01.1601 3:00:00, EndOfFile: 01.01.1601 3:00:00, FileAttributes: A"
"10:49:03,4157370","Notepad.exe","11516","CloseFile","C:\Users\arina\AppData\Local\Packages\Microsoft.WindowsNotepad_8wekyb3d8bbwe\LocalState\TabState\30a1471c-3787-49eb-b6b7-7eafa029c87f.bin.bak","SUCCESS",""
"10:49:03,4158854","Notepad.exe","11516","CreateFile","C:\Users\arina\AppData\Local\Packages\Microsoft.WindowsNotepad_8wekyb3d8bbwe\LocalState\TabState\30a1471c-3787-49eb-b6b7-7eafa029c87f.bin.bak","SUCCESS","Desired Access: Read Attributes, Write Attributes, Delete, Synchronize, Disposition: Open, Options: Synchronous IO Non-Alert, Open Reparse Point, Disallow Exclusive, Attributes: n/a, ShareMode: Read, Write, Delete, AllocationSize: n/a, OpenResult: Opened"
"10:49:03,4159505","Notepad.exe","11516","SetDispositionInformationEx","C:\Users\arina\AppData\Local\Packages\Microsoft.WindowsNotepad_8wekyb3d8bbwe\LocalState\TabState\30a1471c-3787-49eb-b6b7-7eafa029c87f.bin.bak","SUCCESS","Flags: FILE_DISPOSITION_DELETE, FILE_DISPOSITION_POSIX_SEMANTICS, 0x10"
"10:49:03,4159764","Notepad.exe","11516","CloseFile","C:\Users\arina\AppData\Local\Packages\Microsoft.WindowsNotepad_8wekyb3d8bbwe\LocalState\TabState\30a1471c-3787-49eb-b6b7-7eafa029c87f.bin.bak","SUCCESS",""
"10:49:07,5308127","Notepad.exe","11516","LockFile","C:\Users\arina\AppData\LocalLow\dbb17a6be212ef685ba97fbba526dd2acf51c2e342e255cd4905a3ef0d0cc239","SUCCESS","Exclusive: True, Offset: 0, Length: 4 294 967 295, Fail Immediately: False"
"10:49:07,5308601","Notepad.exe","11516","QueryBasicInformationFile","C:\Users\arina\AppData\LocalLow\dbb17a6be212ef685ba97fbba526dd2acf51c2e342e255cd4905a3ef0d0cc239","SUCCESS","CreationTime: 13.08.2025 21:25:10, LastAccessTime: 06.06.2026 15:19:55, LastWriteTime: 06.06.2026 15:19:55, ChangeTime: 25.09.2026 21:07:42, FileAttributes: ANCI"
"10:49:07,5309030","Notepad.exe","11516","UnlockFileSingle","C:\Users\arina\AppData\LocalLow\dbb17a6be212ef685ba97fbba526dd2acf51c2e342e255cd4905a3ef0d0cc239","SUCCESS","Offset: 0, Length: 4 294 967 295"
"10:49:07,5309931","Notepad.exe","11516","RegOpenKey","HKLM\SOFTWARE\Microsoft\WindowsRuntime\ActivatableClassId\Windows.ApplicationModel.DataTransfer.DragDrop.Core.CoreDragOperation","SUCCESS","Desired Access: Read"
"10:49:07,5312236","Notepad.exe","11516","RegQueryKey","HKLM\SOFTWARE\Microsoft\WindowsRuntime\ActivatableClassId\Windows.ApplicationModel.DataTransfer.DragDrop.Core.CoreDragOperation","SUCCESS","Query: Basic, Name: Windows.ApplicationModel.DataTransfer.DragDrop.Core.CoreDragOperation"
"10:49:07,5313504","Notepad.exe","11516","RegQueryValue","HKLM\SOFTWARE\Microsoft\WindowsRuntime\ActivatableClassId\Windows.ApplicationModel.DataTransfer.DragDrop.Core.CoreDragOperation\ActivationType","SUCCESS","Type: REG_DWORD, Length: 4, Data: 0"
"10:49:07,5314130","Notepad.exe","11516","RegQueryValue","HKLM\SOFTWARE\Microsoft\WindowsRuntime\ActivatableClassId\Windows.ApplicationModel.DataTransfer.DragDrop.Core.CoreDragOperation\Server","NAME NOT FOUND","Length: 144"
"10:49:07,5314608","Notepad.exe","11516","RegQueryValue","HKLM\SOFTWARE\Microsoft\WindowsRuntime\ActivatableClassId\Windows.ApplicationModel.DataTransfer.DragDrop.Core.CoreDragOperation\DllPath","SUCCESS","Type: REG_EXPAND_SZ, Length: 78, Data: %SystemRoot%\system32\DataExchange.dll"
"10:49:07,5315122","Notepad.exe","11516","RegQueryValue","HKLM\SOFTWARE\Microsoft\WindowsRuntime\ActivatableClassId\Windows.ApplicationModel.DataTransfer.DragDrop.Core.CoreDragOperation\Threading","SUCCESS","Type: REG_DWORD, Length: 4, Data: 0"
"10:49:07,5315475","Notepad.exe","11516","RegQueryValue","HKLM\SOFTWARE\Microsoft\WindowsRuntime\ActivatableClassId\Windows.ApplicationModel.DataTransfer.DragDrop.Core.CoreDragOperation\TrustLevel","SUCCESS","Type: REG_DWORD, Length: 4, Data: 0"
"10:49:07,5315955","Notepad.exe","11516","RegQueryKey","HKLM\SOFTWARE\Microsoft\WindowsRuntime\ActivatableClassId\Windows.ApplicationModel.DataTransfer.DragDrop.Core.CoreDragOperation","SUCCESS","Query: HandleTags, HandleTags: 0x0"
"10:49:07,5316389","Notepad.exe","11516","RegOpenKey","HKLM\SOFTWARE\Microsoft\WindowsRuntime\ActivatableClassId\Windows.ApplicationModel.DataTransfer.DragDrop.Core.CoreDragOperation\CustomAttributes","NAME NOT FOUND","Desired Access: Read"
"10:49:07,5316896","Notepad.exe","11516","RegQueryKey","HKLM\SOFTWARE\Microsoft\WindowsRuntime\ActivatableClassId\Windows.ApplicationModel.DataTransfer.DragDrop.Core.CoreDragOperation","BUFFER OVERFLOW","Query: Name, Length: 256"
"10:49:07,5317279","Notepad.exe","11516","RegQueryKey","HKLM\SOFTWARE\Microsoft\WindowsRuntime\ActivatableClassId\Windows.ApplicationModel.DataTransfer.DragDrop.Core.CoreDragOperation","SUCCESS","Query: Name"
"10:49:07,5317735","Notepad.exe","11516","RegQueryValue","HKLM\SOFTWARE\Microsoft\WindowsRuntime\ActivatableClassId\Windows.ApplicationModel.DataTransfer.DragDrop.Core.CoreDragOperation\RemoteServer","NAME NOT FOUND","Length: 144"
"10:49:07,5318065","Notepad.exe","11516","RegQueryValue","HKLM\SOFTWARE\Microsoft\WindowsRuntime\ActivatableClassId\Windows.ApplicationModel.DataTransfer.DragDrop.Core.CoreDragOperation\ActivateAsUser","NAME NOT FOUND","Length: 16"
"10:49:07,5318605","Notepad.exe","11516","RegQueryValue","HKLM\SOFTWARE\Microsoft\WindowsRuntime\ActivatableClassId\Windows.ApplicationModel.DataTransfer.DragDrop.Core.CoreDragOperation\ActivateInSharedBroker","NAME NOT FOUND","Length: 16"
"10:49:07,5319037","Notepad.exe","11516","RegQueryValue","HKLM\SOFTWARE\Microsoft\WindowsRuntime\ActivatableClassId\Windows.ApplicationModel.DataTransfer.DragDrop.Core.CoreDragOperation\ActivateInBrokerForMediumILContainer","NAME NOT FOUND","Length: 16"
"10:49:07,5319377","Notepad.exe","11516","RegQueryValue","HKLM\SOFTWARE\Microsoft\WindowsRuntime\ActivatableClassId\Windows.ApplicationModel.DataTransfer.DragDrop.Core.CoreDragOperation\Permissions","NAME NOT FOUND","Length: 140"
"10:49:07,5319697","Notepad.exe","11516","RegQueryValue","HKLM\SOFTWARE\Microsoft\WindowsRuntime\ActivatableClassId\Windows.ApplicationModel.DataTransfer.DragDrop.Core.CoreDragOperation\ActivateOnHostFlags","NAME NOT FOUND","Length: 16"
"10:49:07,5320343","Notepad.exe","11516","RegCloseKey","HKLM\SOFTWARE\Microsoft\WindowsRuntime\ActivatableClassId\Windows.ApplicationModel.DataTransfer.DragDrop.Core.CoreDragOperation","SUCCESS",""
"10:49:07,5328401","Notepad.exe","11516","RegOpenKey","HKLM\SOFTWARE\Microsoft\WindowsRuntime\ActivatableClassId\Windows.ApplicationModel.DataTransfer.DataPackage","SUCCESS","Desired Access: Read"
"10:49:07,5329091","Notepad.exe","11516","RegQueryKey","HKLM\SOFTWARE\Microsoft\WindowsRuntime\ActivatableClassId\Windows.ApplicationModel.DataTransfer.DataPackage","SUCCESS","Query: Basic, Name: Windows.ApplicationModel.DataTransfer.DataPackage"
"10:49:07,5329393","Notepad.exe","11516","RegQueryValue","HKLM\SOFTWARE\Microsoft\WindowsRuntime\ActivatableClassId\Windows.ApplicationModel.DataTransfer.DataPackage\ActivationType","SUCCESS","Type: REG_DWORD, Length: 4, Data: 0"
"10:49:07,5329648","Notepad.exe","11516","RegQueryValue","HKLM\SOFTWARE\Microsoft\WindowsRuntime\ActivatableClassId\Windows.ApplicationModel.DataTransfer.DataPackage\Server","NAME NOT FOUND","Length: 144"
"10:49:07,5329869","Notepad.exe","11516","RegQueryValue","HKLM\SOFTWARE\Microsoft\WindowsRuntime\ActivatableClassId\Windows.ApplicationModel.DataTransfer.DataPackage\DllPath","SUCCESS","Type: REG_SZ, Length: 124, Data: C:\Windows\System32\windows.applicationmodel.datatransfer.dll"
"10:49:07,5330154","Notepad.exe","11516","RegQueryValue","HKLM\SOFTWARE\Microsoft\WindowsRuntime\ActivatableClassId\Windows.ApplicationModel.DataTransfer.DataPackage\Threading","SUCCESS","Type: REG_DWORD, Length: 4, Data: 0"
"10:49:07,5330432","Notepad.exe","11516","RegQueryValue","HKLM\SOFTWARE\Microsoft\WindowsRuntime\ActivatableClassId\Windows.ApplicationModel.DataTransfer.DataPackage\TrustLevel","SUCCESS","Type: REG_DWORD, Length: 4, Data: 0"
"10:49:07,5330724","Notepad.exe","11516","RegQueryKey","HKLM\SOFTWARE\Microsoft\WindowsRuntime\ActivatableClassId\Windows.ApplicationModel.DataTransfer.DataPackage","SUCCESS","Query: HandleTags, HandleTags: 0x0"
"10:49:07,5331048","Notepad.exe","11516","RegOpenKey","HKLM\SOFTWARE\Microsoft\WindowsRuntime\ActivatableClassId\Windows.ApplicationModel.DataTransfer.DataPackage\CustomAttributes","NAME NOT FOUND","Desired Access: Read"
"10:49:07,5331400","Notepad.exe","11516","RegQueryKey","HKLM\SOFTWARE\Microsoft\WindowsRuntime\ActivatableClassId\Windows.ApplicationModel.DataTransfer.DataPackage","SUCCESS","Query: Name"
"10:49:07,5331746","Notepad.exe","11516","RegQueryValue","HKLM\SOFTWARE\Microsoft\WindowsRuntime\ActivatableClassId\Windows.ApplicationModel.DataTransfer.DataPackage\RemoteServer","NAME NOT FOUND","Length: 144"
"10:49:07,5332005","Notepad.exe","11516","RegQueryValue","HKLM\SOFTWARE\Microsoft\WindowsRuntime\ActivatableClassId\Windows.ApplicationModel.DataTransfer.DataPackage\ActivateAsUser","NAME NOT FOUND","Length: 16"
"10:49:07,5332232","Notepad.exe","11516","RegQueryValue","HKLM\SOFTWARE\Microsoft\WindowsRuntime\ActivatableClassId\Windows.ApplicationModel.DataTransfer.DataPackage\ActivateInSharedBroker","NAME NOT FOUND","Length: 16"
"10:49:07,5332528","Notepad.exe","11516","RegQueryValue","HKLM\SOFTWARE\Microsoft\WindowsRuntime\ActivatableClassId\Windows.ApplicationModel.DataTransfer.DataPackage\ActivateInBrokerForMediumILContainer","NAME NOT FOUND","Length: 16"
"10:49:07,5332749","Notepad.exe","11516","RegQueryValue","HKLM\SOFTWARE\Microsoft\WindowsRuntime\ActivatableClassId\Windows.ApplicationModel.DataTransfer.DataPackage\Permissions","NAME NOT FOUND","Length: 140"
"10:49:07,5332962","Notepad.exe","11516","RegQueryValue","HKLM\SOFTWARE\Microsoft\WindowsRuntime\ActivatableClassId\Windows.ApplicationModel.DataTransfer.DataPackage\ActivateOnHostFlags","NAME NOT FOUND","Length: 16"
"10:49:07,5333425","Notepad.exe","11516","RegCloseKey","HKLM\SOFTWARE\Microsoft\WindowsRuntime\ActivatableClassId\Windows.ApplicationModel.DataTransfer.DataPackage","SUCCESS",""
"10:49:07,5340831","Notepad.exe","11516","CreateFile","C:\Windows\System32\windows.applicationmodel.datatransfer.dll","SUCCESS","Desired Access: Read Attributes, Disposition: Open, Options: Open Reparse Point, Attributes: n/a, ShareMode: Read, Write, Delete, AllocationSize: n/a, OpenResult: Opened"
"10:49:07,5342393","Notepad.exe","11516","QueryBasicInformationFile","C:\Windows\System32\windows.applicationmodel.datatransfer.dll","SUCCESS","CreationTime: 16.09.2026 9:36:42, LastAccessTime: 26.09.2026 10:48:59, LastWriteTime: 16.09.2026 9:36:43, ChangeTime: 19.09.2026 14:48:52, FileAttributes: A"
"10:49:07,5342829","Notepad.exe","11516","CloseFile","C:\Windows\System32\windows.applicationmodel.datatransfer.dll","SUCCESS",""
"10:49:07,5345950","Notepad.exe","11516","CreateFile","C:\Windows\System32\windows.applicationmodel.datatransfer.dll","SUCCESS","Desired Access: Read Data/List Directory, Execute/Traverse, Synchronize, Disposition: Open, Options: Synchronous IO Non-Alert, Non-Directory File, Attributes: n/a, ShareMode: Read, Delete, AllocationSize: n/a, OpenResult: Opened"
"10:49:07,5346962","Notepad.exe","11516","CreateFileMapping","C:\Windows\System32\windows.applicationmodel.datatransfer.dll","FILE LOCKED WITH ONLY READERS","SyncType: SyncTypeCreateSection, PageProtection: PAGE_EXECUTE"
"10:49:07,5347740","Notepad.exe","11516","CreateFileMapping","C:\Windows\System32\windows.applicationmodel.datatransfer.dll","SUCCESS","SyncType: SyncTypeOther"
"10:49:07,5348479","Notepad.exe","11516","RegOpenKey","HKLM\System\CurrentControlSet\Control\Srp\GP\","REPARSE","Desired Access: Read"
"10:49:07,5349241","Notepad.exe","11516","RegOpenKey","HKLM\System\CurrentControlSet\Control\Srp\GP","SUCCESS","Desired Access: Read"
"10:49:07,5349806","Notepad.exe","11516","RegQueryValue","HKLM\System\CurrentControlSet\Control\Srp\Gp\RuleCount","SUCCESS","Type: REG_DWORD, Length: 4, Data: 2"
"10:49:07,5350232","Notepad.exe","11516","RegCloseKey","HKLM\System\CurrentControlSet\Control\Srp\Gp","SUCCESS",""
"10:49:07,5354557","Notepad.exe","11516","Load Image","C:\Windows\System32\windows.applicationmodel.datatransfer.dll","SUCCESS","Image Base: 0x7ffcdb7b0000, Image Size: 0xbc000"
"10:49:07,5358773","Notepad.exe","11516","CloseFile","C:\Windows\System32\windows.applicationmodel.datatransfer.dll","SUCCESS",""
"10:49:07,5360912","Notepad.exe","11516","QueryNameInformationFile","C:\Windows\System32\windows.applicationmodel.datatransfer.dll","SUCCESS","Name: \Windows\System32\windows.applicationmodel.datatransfer.dll"
"10:49:07,5364856","Notepad.exe","11516","RegQueryKey","HKLM","SUCCESS","Query: HandleTags, HandleTags: 0x0"
"10:49:07,5365210","Notepad.exe","11516","RegOpenKey","HKCR\OneCoreContracts\Windows.Internal.PlatformExtensions.DragDropExperience","REPARSE GLOBAL","Desired Access: Read"
"10:49:07,5366166","Notepad.exe","11516","RegOpenKey","HKCR\OneCoreContracts\Windows.Internal.PlatformExtensions.DragDropExperience","SUCCESS","Desired Access: Read"
"10:49:07,5366566","Notepad.exe","11516","RegQueryKey","HKCR\OneCoreContracts\Windows.Internal.PlatformExtensions.DragDropExperience","SUCCESS","Query: Cached, SubKeys: 1, Values: 0"
"10:49:07,5366800","Notepad.exe","11516","RegEnumKey","HKCR\OneCoreContracts\Windows.Internal.PlatformExtensions.DragDropExperience","SUCCESS","Index: 0, Name: DragDropExperienceDataExchangeDelegated"
"10:49:07,5367087","Notepad.exe","11516","RegQueryKey","HKCR\OneCoreContracts\Windows.Internal.PlatformExtensions.DragDropExperience","SUCCESS","Query: HandleTags, HandleTags: 0x0"
"10:49:07,5367291","Notepad.exe","11516","RegOpenKey","HKCR\OneCoreContracts\Windows.Internal.PlatformExtensions.DragDropExperience\DragDropExperienceDataExchangeDelegated","SUCCESS","Desired Access: Read"
"10:49:07,5367610","Notepad.exe","11516","RegQueryValue","HKCR\OneCoreContracts\Windows.Internal.PlatformExtensions.DragDropExperience\DragDropExperienceDataExchangeDelegated\ExtensionClass","SUCCESS","Type: REG_SZ, Length: 80, Data: DragDropExperienceDataExchangeDelegated"
"10:49:07,5367814","Notepad.exe","11516","RegQueryValue","HKCR\OneCoreContracts\Windows.Internal.PlatformExtensions.DragDropExperience\DragDropExperienceDataExchangeDelegated\Test","NAME NOT FOUND","Length: 16"
"10:49:07,5367997","Notepad.exe","11516","RegQueryValue","HKCR\OneCoreContracts\Windows.Internal.PlatformExtensions.DragDropExperience\DragDropExperienceDataExchangeDelegated\VelocityFeatureId","NAME NOT FOUND","Length: 16"
"10:49:07,5368183","Notepad.exe","11516","RegQueryValue","HKCR\OneCoreContracts\Windows.Internal.PlatformExtensions.DragDropExperience\DragDropExperienceDataExchangeDelegated\ActivatableClassID","BUFFER OVERFLOW","Length: 144"
"10:49:07,5368358","Notepad.exe","11516","RegQueryValue","HKCR\OneCoreContracts\Windows.Internal.PlatformExtensions.DragDropExperience\DragDropExperienceDataExchangeDelegated\ActivatableClassID","SUCCESS","Type: REG_SZ, Length: 152, Data: Windows.Internal.PlatformExtensions.DragDropExperienceDataExchangeDelegated"
"10:49:07,5368606","Notepad.exe","11516","RegCloseKey","HKCR\OneCoreContracts\Windows.Internal.PlatformExtensions.DragDropExperience\DragDropExperienceDataExchangeDelegated","SUCCESS",""
"10:49:07,5368875","Notepad.exe","11516","RegCloseKey","HKCR\OneCoreContracts\Windows.Internal.PlatformExtensions.DragDropExperience","SUCCESS",""
"10:49:07,5369345","Notepad.exe","11516","RegOpenKey","HKLM\SOFTWARE\Microsoft\WindowsRuntime\ActivatableClassId\Windows.Internal.PlatformExtensions.DragDropExperienceDataExchangeDelegated","SUCCESS","Desired Access: Read"
"10:49:07,5369687","Notepad.exe","11516","RegQueryKey","HKLM\SOFTWARE\Microsoft\WindowsRuntime\ActivatableClassId\Windows.Internal.PlatformExtensions.DragDropExperienceDataExchangeDelegated","SUCCESS","Query: Basic, Name: Windows.Internal.PlatformExtensions.DragDropExperienceDataExchangeDelegated"
"10:49:07,5369937","Notepad.exe","11516","RegQueryValue","HKLM\SOFTWARE\Microsoft\WindowsRuntime\ActivatableClassId\Windows.Internal.PlatformExtensions.DragDropExperienceDataExchangeDelegated\ActivationType","SUCCESS","Type: REG_DWORD, Length: 4, Data: 0"
"10:49:07,5370140","Notepad.exe","11516","RegQueryValue","HKLM\SOFTWARE\Microsoft\WindowsRuntime\ActivatableClassId\Windows.Internal.PlatformExtensions.DragDropExperienceDataExchangeDelegated\Server","NAME NOT FOUND","Length: 144"
"10:49:07,5370330","Notepad.exe","11516","RegQueryValue","HKLM\SOFTWARE\Microsoft\WindowsRuntime\ActivatableClassId\Windows.Internal.PlatformExtensions.DragDropExperienceDataExchangeDelegated\DllPath","SUCCESS","Type: REG_EXPAND_SZ, Length: 132, Data: %SystemRoot%\system32\DragDropExperienceDataExchangeDelegated.dll"
"10:49:07,5370542","Notepad.exe","11516","RegQueryValue","HKLM\SOFTWARE\Microsoft\WindowsRuntime\ActivatableClassId\Windows.Internal.PlatformExtensions.DragDropExperienceDataExchangeDelegated\Threading","SUCCESS","Type: REG_DWORD, Length: 4, Data: 0"
"10:49:07,5370742","Notepad.exe","11516","RegQueryValue","HKLM\SOFTWARE\Microsoft\WindowsRuntime\ActivatableClassId\Windows.Internal.PlatformExtensions.DragDropExperienceDataExchangeDelegated\TrustLevel","SUCCESS","Type: REG_DWORD, Length: 4, Data: 0"
"10:49:07,5370937","Notepad.exe","11516","RegQueryKey","HKLM\SOFTWARE\Microsoft\WindowsRuntime\ActivatableClassId\Windows.Internal.PlatformExtensions.DragDropExperienceDataExchangeDelegated","SUCCESS","Query: HandleTags, HandleTags: 0x0"
"10:49:07,5371126","Notepad.exe","11516","RegOpenKey","HKLM\SOFTWARE\Microsoft\WindowsRuntime\ActivatableClassId\Windows.Internal.PlatformExtensions.DragDropExperienceDataExchangeDelegated\CustomAttributes","NAME NOT FOUND","Desired Access: Read"
"10:49:07,5371508","Notepad.exe","11516","RegQueryKey","HKLM\SOFTWARE\Microsoft\WindowsRuntime\ActivatableClassId\Windows.Internal.PlatformExtensions.DragDropExperienceDataExchangeDelegated","BUFFER OVERFLOW","Query: Name, Length: 256"
"10:49:07,5371728","Notepad.exe","11516","RegQueryKey","HKLM\SOFTWARE\Microsoft\WindowsRuntime\ActivatableClassId\Windows.Internal.PlatformExtensions.DragDropExperienceDataExchangeDelegated","SUCCESS","Query: Name"
"10:49:07,5372051","Notepad.exe","11516","RegQueryValue","HKLM\SOFTWARE\Microsoft\WindowsRuntime\ActivatableClassId\Windows.Internal.PlatformExtensions.DragDropExperienceDataExchangeDelegated\RemoteServer","NAME NOT FOUND","Length: 144"
"10:49:07,5372241","Notepad.exe","11516","RegQueryValue","HKLM\SOFTWARE\Microsoft\WindowsRuntime\ActivatableClassId\Windows.Internal.PlatformExtensions.DragDropExperienceDataExchangeDelegated\ActivateAsUser","NAME NOT FOUND","Length: 16"
"10:49:07,5372435","Notepad.exe","11516","RegQueryValue","HKLM\SOFTWARE\Microsoft\WindowsRuntime\ActivatableClassId\Windows.Internal.PlatformExtensions.DragDropExperienceDataExchangeDelegated\ActivateInSharedBroker","NAME NOT FOUND","Length: 16"
"10:49:07,5372634","Notepad.exe","11516","RegQueryValue","HKLM\SOFTWARE\Microsoft\WindowsRuntime\ActivatableClassId\Windows.Internal.PlatformExtensions.DragDropExperienceDataExchangeDelegated\ActivateInBrokerForMediumILContainer","NAME NOT FOUND","Length: 16"
"10:49:07,5372830","Notepad.exe","11516","RegQueryValue","HKLM\SOFTWARE\Microsoft\WindowsRuntime\ActivatableClassId\Windows.Internal.PlatformExtensions.DragDropExperienceDataExchangeDelegated\Permissions","NAME NOT FOUND","Length: 140"
"10:49:07,5373016","Notepad.exe","11516","RegQueryValue","HKLM\SOFTWARE\Microsoft\WindowsRuntime\ActivatableClassId\Windows.Internal.PlatformExtensions.DragDropExperienceDataExchangeDelegated\ActivateOnHostFlags","NAME NOT FOUND","Length: 16"
"10:49:07,5373314","Notepad.exe","11516","RegCloseKey","HKLM\SOFTWARE\Microsoft\WindowsRuntime\ActivatableClassId\Windows.Internal.PlatformExtensions.DragDropExperienceDataExchangeDelegated","SUCCESS",""
"10:49:07,5376219","Notepad.exe","11516","CreateFile","C:\Windows\System32\DragDropExperienceDataExchangeDelegated.dll","SUCCESS","Desired Access: Read Attributes, Disposition: Open, Options: Open Reparse Point, Attributes: n/a, ShareMode: Read, Write, Delete, AllocationSize: n/a, OpenResult: Opened"
"10:49:07,5376633","Notepad.exe","11516","QueryBasicInformationFile","C:\Windows\System32\DragDropExperienceDataExchangeDelegated.dll","SUCCESS","CreationTime: 16.04.2026 14:46:04, LastAccessTime: 26.09.2026 10:39:44, LastWriteTime: 16.04.2026 14:46:04, ChangeTime: 19.09.2026 13:50:43, FileAttributes: A"
"10:49:07,5376845","Notepad.exe","11516","CloseFile","C:\Windows\System32\DragDropExperienceDataExchangeDelegated.dll","SUCCESS",""
"10:49:07,5378080","Notepad.exe","11516","CreateFile","C:\Windows\System32\DragDropExperienceDataExchangeDelegated.dll","SUCCESS","Desired Access: Read Data/List Directory, Execute/Traverse, Synchronize, Disposition: Open, Options: Synchronous IO Non-Alert, Non-Directory File, Attributes: n/a, ShareMode: Read, Delete, AllocationSize: n/a, OpenResult: Opened"
"10:49:07,5378585","Notepad.exe","11516","CreateFileMapping","C:\Windows\System32\DragDropExperienceDataExchangeDelegated.dll","FILE LOCKED WITH ONLY READERS","SyncType: SyncTypeCreateSection, PageProtection: PAGE_EXECUTE"
"10:49:07,5379580","Notepad.exe","11516","CreateFileMapping","C:\Windows\System32\DragDropExperienceDataExchangeDelegated.dll","SUCCESS","SyncType: SyncTypeOther"
"10:49:07,5380138","Notepad.exe","11516","RegOpenKey","HKLM\System\CurrentControlSet\Control\Srp\GP\","REPARSE","Desired Access: Read"
"10:49:07,5380532","Notepad.exe","11516","RegOpenKey","HKLM\System\CurrentControlSet\Control\Srp\GP","SUCCESS","Desired Access: Read"
"10:49:07,5381594","Notepad.exe","11516","RegQueryValue","HKLM\System\CurrentControlSet\Control\Srp\Gp\RuleCount","SUCCESS","Type: REG_DWORD, Length: 4, Data: 2"
"10:49:07,5382094","Notepad.exe","11516","RegCloseKey","HKLM\System\CurrentControlSet\Control\Srp\Gp","SUCCESS",""
"10:49:07,5384236","Notepad.exe","11516","Load Image","C:\Windows\System32\DragDropExperienceDataExchangeDelegated.dll","SUCCESS","Image Base: 0x7ffd12220000, Image Size: 0x13000"
"10:49:07,5386162","Notepad.exe","11516","CloseFile","C:\Windows\System32\DragDropExperienceDataExchangeDelegated.dll","SUCCESS",""
"10:49:07,5389290","Notepad.exe","11516","RegQueryKey","\REGISTRY\WC\Silo480a25d5-cec8-60cc-d5df-02e80f443476user_sid","SUCCESS","Query: HandleTags, HandleTags: 0x0"
"10:49:07,5389641","Notepad.exe","11516","RegOpenKey","\REGISTRY\WC\Silo480a25d5-cec8-60cc-d5df-02e80f443476user_sid\Software\Microsoft\DirectX\UserGpuPreferences","NAME NOT FOUND","Desired Access: Read"
"10:49:07,5390151","Notepad.exe","11516","RegQueryKey","\REGISTRY\WC\Silo480a25d5-cec8-60cc-d5df-02e80f443476user_sid","SUCCESS","Query: Name"
"10:49:07,5390488","Notepad.exe","11516","RegOpenKey","HKLM\SOFTWARE\Microsoft\AppModel\Lookaside\user\Software\Microsoft\DirectX\UserGpuPreferences","NAME NOT FOUND","Desired Access: Read"
"10:49:07,5402749","Notepad.exe","11516","RegOpenKey","HKLM\System\CurrentControlSet\Enum\PCI\VEN_8086&DEV_A7A8&SUBSYS_206A1EE7&REV_04\3&11583659&0&10","SUCCESS","Desired Access: Query Value, Maximum Allowed"
"10:49:07,5403097","Notepad.exe","11516","RegOpenKey","HKLM\System\CurrentControlSet\Enum\PCI\VEN_8086&DEV_A7A8&SUBSYS_206A1EE7&REV_04\3&11583659&0&10\Properties\{83da6326-97a6-4088-9453-a1923f573b29}\0009","SUCCESS","Desired Access: Query Value"
"10:49:07,5403426","Notepad.exe","11516","RegQueryValue","HKLM\System\CurrentControlSet\Enum\PCI\VEN_8086&DEV_A7A8&SUBSYS_206A1EE7&REV_04\3&11583659&0&10\Properties\{83da6326-97a6-4088-9453-a1923f573b29}\0009\(Default)","NAME NOT FOUND","Length: 140"
"10:49:07,5403644","Notepad.exe","11516","RegCloseKey","HKLM\System\CurrentControlSet\Enum\PCI\VEN_8086&DEV_A7A8&SUBSYS_206A1EE7&REV_04\3&11583659&0&10\Properties\{83da6326-97a6-4088-9453-a1923f573b29}\0009","SUCCESS",""
"10:49:07,5403861","Notepad.exe","11516","RegCloseKey","HKLM\System\CurrentControlSet\Enum\PCI\VEN_8086&DEV_A7A8&SUBSYS_206A1EE7&REV_04\3&11583659&0&10","SUCCESS",""
"10:49:07,5405238","Notepad.exe","11516","RegQueryKey","HKLM","SUCCESS","Query: HandleTags, HandleTags: 0x0"
"10:49:07,5405436","Notepad.exe","11516","RegOpenKey","HKLM\System\CurrentControlSet\CONTROL\CLASS\{4D36E968-E325-11CE-BFC1-08002BE10318}\0000","SUCCESS","Desired Access: Query Value"
"10:49:07,5405729","Notepad.exe","11516","RegQueryValue","HKLM\System\CurrentControlSet\Control\Class\{4d36e968-e325-11ce-bfc1-08002be10318}\0000\ControlApiPath","BUFFER OVERFLOW","Length: 12"
"10:49:07,5405917","Notepad.exe","11516","RegQueryValue","HKLM\System\CurrentControlSet\Control\Class\{4d36e968-e325-11ce-bfc1-08002be10318}\0000\ControlApiPath","BUFFER OVERFLOW","Length: 144"
"10:49:07,5406073","Notepad.exe","11516","RegQueryValue","HKLM\System\CurrentControlSet\Control\Class\{4d36e968-e325-11ce-bfc1-08002be10318}\0000\ControlApiPath","SUCCESS","Type: REG_SZ, Length: 206, Data: C:\Windows\System32\DriverStore\FileRepository\iigd_dch.inf_amd64_051c53997e7f3cfc\IntelControlLib.dll"
"10:49:07,5406273","Notepad.exe","11516","RegCloseKey","HKLM\System\CurrentControlSet\Control\Class\{4d36e968-e325-11ce-bfc1-08002be10318}\0000","SUCCESS",""
"10:49:07,5406497","Notepad.exe","11516","RegQueryKey","HKLM","SUCCESS","Query: HandleTags, HandleTags: 0x0"
"10:49:07,5406707","Notepad.exe","11516","RegOpenKey","HKLM\System\CurrentControlSet\CONTROL\CLASS\{4D36E968-E325-11CE-BFC1-08002BE10318}\0000","SUCCESS","Desired Access: Query Value"
"10:49:07,5406960","Notepad.exe","11516","RegQueryValue","HKLM\System\CurrentControlSet\Control\Class\{4d36e968-e325-11ce-bfc1-08002be10318}\0000\ControlApiPath","BUFFER OVERFLOW","Length: 116"
"10:49:07,5407170","Notepad.exe","11516","RegQueryValue","HKLM\System\CurrentControlSet\Control\Class\{4d36e968-e325-11ce-bfc1-08002be10318}\0000\ControlApiPath","BUFFER OVERFLOW","Length: 144"
"10:49:07,5407361","Notepad.exe","11516","RegQueryValue","HKLM\System\CurrentControlSet\Control\Class\{4d36e968-e325-11ce-bfc1-08002be10318}\0000\ControlApiPath","SUCCESS","Type: REG_SZ, Length: 206, Data: C:\Windows\System32\DriverStore\FileRepository\iigd_dch.inf_amd64_051c53997e7f3cfc\IntelControlLib.dll"
"10:49:07,5407582","Notepad.exe","11516","RegCloseKey","HKLM\System\CurrentControlSet\Control\Class\{4d36e968-e325-11ce-bfc1-08002be10318}\0000","SUCCESS",""
"10:49:07,5409781","Notepad.exe","11516","CreateFile","C:\Windows\System32\DriverStore\FileRepository\iigd_dch.inf_amd64_051c53997e7f3cfc\IntelControlLib.dll","SUCCESS","Desired Access: Read Attributes, Disposition: Open, Options: Open Reparse Point, Attributes: n/a, ShareMode: Read, Write, Delete, AllocationSize: n/a, OpenResult: Opened"
"10:49:07,5410116","Notepad.exe","11516","QueryBasicInformationFile","C:\Windows\System32\DriverStore\FileRepository\iigd_dch.inf_amd64_051c53997e7f3cfc\IntelControlLib.dll","SUCCESS","CreationTime: 13.08.2025 22:28:58, LastAccessTime: 26.09.2026 10:49:04, LastWriteTime: 21.11.2024 7:47:50, ChangeTime: 20.09.2026 19:48:32, FileAttributes: A"
"10:49:07,5410291","Notepad.exe","11516","CloseFile","C:\Windows\System32\DriverStore\FileRepository\iigd_dch.inf_amd64_051c53997e7f3cfc\IntelControlLib.dll","SUCCESS",""
"10:49:07,5411181","Notepad.exe","11516","CreateFile","C:\Windows\System32\DriverStore\FileRepository\iigd_dch.inf_amd64_051c53997e7f3cfc\IntelControlLib.dll","SUCCESS","Desired Access: Read Data/List Directory, Execute/Traverse, Synchronize, Disposition: Open, Options: Synchronous IO Non-Alert, Non-Directory File, Attributes: n/a, ShareMode: Read, Delete, AllocationSize: n/a, OpenResult: Opened"
"10:49:07,5411540","Notepad.exe","11516","CreateFileMapping","C:\Windows\System32\DriverStore\FileRepository\iigd_dch.inf_amd64_051c53997e7f3cfc\IntelControlLib.dll","FILE LOCKED WITH ONLY READERS","SyncType: SyncTypeCreateSection, PageProtection: PAGE_EXECUTE"
"10:49:07,5411894","Notepad.exe","11516","CreateFileMapping","C:\Windows\System32\DriverStore\FileRepository\iigd_dch.inf_amd64_051c53997e7f3cfc\IntelControlLib.dll","SUCCESS","SyncType: SyncTypeOther"
"10:49:07,5412233","Notepad.exe","11516","RegOpenKey","HKLM\System\CurrentControlSet\Control\Srp\GP\","REPARSE","Desired Access: Read"
"10:49:07,5412564","Notepad.exe","11516","RegOpenKey","HKLM\System\CurrentControlSet\Control\Srp\GP","SUCCESS","Desired Access: Read"
"10:49:07,5412821","Notepad.exe","11516","RegQueryValue","HKLM\System\CurrentControlSet\Control\Srp\Gp\RuleCount","SUCCESS","Type: REG_DWORD, Length: 4, Data: 2"
"10:49:07,5413018","Notepad.exe","11516","RegCloseKey","HKLM\System\CurrentControlSet\Control\Srp\Gp","SUCCESS",""
"10:49:07,5414092","Notepad.exe","11516","Load Image","C:\Windows\System32\DriverStore\FileRepository\iigd_dch.inf_amd64_051c53997e7f3cfc\IntelControlLib.dll","SUCCESS","Image Base: 0x7ffcd5280000, Image Size: 0xa4000"
"10:49:07,5415344","Notepad.exe","11516","RegOpenKey","HKLM\Software\Microsoft\Windows\CurrentVersion\SideBySide","REPARSE GLOBAL","Desired Access: Read"
"10:49:07,5416089","Notepad.exe","11516","RegOpenKey","HKLM\SOFTWARE\Microsoft\Windows\CurrentVersion\SideBySide","SUCCESS","Desired Access: Read"
"10:49:07,5416508","Notepad.exe","11516","RegQueryValue","HKLM\SOFTWARE\Microsoft\Windows\CurrentVersion\SideBySide\PreferExternalManifest","NAME NOT FOUND","Length: 20"
"10:49:07,5416866","Notepad.exe","11516","RegCloseKey","HKLM\SOFTWARE\Microsoft\Windows\CurrentVersion\SideBySide","SUCCESS",""
"10:49:07,5418630","Notepad.exe","11516","CreateFile","C:\Windows\System32\DriverStore\FileRepository\iigd_dch.inf_amd64_051c53997e7f3cfc\IntelControlLib.dll","SUCCESS","Desired Access: Generic Read, Disposition: Open, Options: Synchronous IO Non-Alert, Non-Directory File, Attributes: n/a, ShareMode: Read, Delete, AllocationSize: n/a, OpenResult: Opened"
"10:49:07,5423644","Notepad.exe","11516","CloseFile","C:\Windows\System32\DriverStore\FileRepository\iigd_dch.inf_amd64_051c53997e7f3cfc\IntelControlLib.dll","SUCCESS",""
"10:49:07,5425450","Notepad.exe","11516","CloseFile","C:\Windows\System32\DriverStore\FileRepository\iigd_dch.inf_amd64_051c53997e7f3cfc\IntelControlLib.dll","SUCCESS",""
"10:49:07,5432441","Notepad.exe","11516","CreateFile","C:\Windows\System32\DriverStore\FileRepository\iigd_dch.inf_amd64_051c53997e7f3cfc\dxgi.dll","NAME NOT FOUND","Desired Access: Read Attributes, Disposition: Open, Options: Open Reparse Point, Attributes: n/a, ShareMode: Read, Write, Delete, AllocationSize: n/a"
"10:49:07,5434410","Notepad.exe","11516","RegQueryKey","HKLM","SUCCESS","Query: HandleTags, HandleTags: 0x0"
"10:49:07,5434709","Notepad.exe","11516","RegOpenKey","HKLM\System\CurrentControlSet\Control\GraphicsDrivers","REPARSE","Desired Access: Read"
"10:49:07,5434979","Notepad.exe","11516","RegOpenKey","HKLM\System\CurrentControlSet\Control\GraphicsDrivers","SUCCESS","Desired Access: Read"
"10:49:07,5435356","Notepad.exe","11516","RegCloseKey","HKLM\System\CurrentControlSet\Control\GraphicsDrivers","SUCCESS",""
"10:49:07,5436463","Notepad.exe","11516","CreateFile","C:\Program Files\WindowsApps\Microsoft.WindowsNotepad_11.2607.14.0_x64__8wekyb3d8bbwe\Notepad\Notepad.exe","SUCCESS","Desired Access: Generic Read, Disposition: Open, Options: Synchronous IO Non-Alert, Non-Directory File, Disallow Exclusive, Attributes: N, ShareMode: Read, Write, Delete, AllocationSize: n/a, OpenResult: Opened"
"10:49:07,5437008","Notepad.exe","11516","QueryStandardInformationFile","C:\Program Files\WindowsApps\Microsoft.WindowsNotepad_11.2607.14.0_x64__8wekyb3d8bbwe\Notepad\Notepad.exe","SUCCESS","AllocationSize: 3 305 472, EndOfFile: 3 305 272, NumberOfLinks: 1, DeletePending: False, Directory: False"
"10:49:07,5437183","Notepad.exe","11516","CloseFile","C:\Program Files\WindowsApps\Microsoft.WindowsNotepad_11.2607.14.0_x64__8wekyb3d8bbwe\Notepad\Notepad.exe","SUCCESS",""
"10:49:07,5437576","Notepad.exe","11516","RegQueryKey","\REGISTRY\WC\Silo480a25d5-cec8-60cc-d5df-02e80f443476user_sid","SUCCESS","Query: HandleTags, HandleTags: 0x0"
"10:49:07,5437840","Notepad.exe","11516","RegOpenKey","\REGISTRY\WC\Silo480a25d5-cec8-60cc-d5df-02e80f443476user_sid\Software\Microsoft\Direct3D","NAME NOT FOUND","Desired Access: Read"
"10:49:07,5438335","Notepad.exe","11516","RegQueryKey","\REGISTRY\WC\Silo480a25d5-cec8-60cc-d5df-02e80f443476user_sid","SUCCESS","Query: Name"
"10:49:07,5438591","Notepad.exe","11516","RegOpenKey","HKLM\SOFTWARE\Microsoft\AppModel\Lookaside\user\Software\Microsoft\Direct3D","NAME NOT FOUND","Desired Access: Read"
"10:49:07,5439029","Notepad.exe","11516","RegQueryKey","HKLM","SUCCESS","Query: HandleTags, HandleTags: 0x0"
"10:49:07,5439247","Notepad.exe","11516","RegOpenKey","HKLM\Software\Microsoft\Direct3D","NAME NOT FOUND","Desired Access: Read"
"10:49:07,5439645","Notepad.exe","11516","RegQueryKey","HKLM","SUCCESS","Query: Name"
"10:49:07,5441439","Notepad.exe","11516","RegOpenKey","HKLM\System\CurrentControlSet\Control\GraphicsDrivers\Scheduler","REPARSE","Desired Access: Read, Maximum Allowed"
"10:49:07,5441910","Notepad.exe","11516","RegOpenKey","HKLM\System\CurrentControlSet\Control\GraphicsDrivers\Scheduler","NAME NOT FOUND","Desired Access: Read, Maximum Allowed"
"10:49:07,5444053","Notepad.exe","11516","Thread Create","","SUCCESS","Thread ID: 23112"
"10:49:07,5457039","Notepad.exe","11516","LockFile","C:\Users\arina\AppData\LocalLow\dbb17a6be212ef685ba97fbba526dd2acf51c2e342e255cd4905a3ef0d0cc239","SUCCESS","Exclusive: True, Offset: 0, Length: 4 294 967 295, Fail Immediately: False"
"10:49:07,5457272","Notepad.exe","11516","QueryBasicInformationFile","C:\Users\arina\AppData\LocalLow\dbb17a6be212ef685ba97fbba526dd2acf51c2e342e255cd4905a3ef0d0cc239","SUCCESS","CreationTime: 13.08.2025 21:25:10, LastAccessTime: 06.06.2026 15:19:55, LastWriteTime: 06.06.2026 15:19:55, ChangeTime: 25.09.2026 21:07:42, FileAttributes: ANCI"
"10:49:07,5457490","Notepad.exe","11516","UnlockFileSingle","C:\Users\arina\AppData\LocalLow\dbb17a6be212ef685ba97fbba526dd2acf51c2e342e255cd4905a3ef0d0cc239","SUCCESS","Offset: 0, Length: 4 294 967 295"
"10:49:07,5521718","Notepad.exe","11516","Thread Create","","SUCCESS","Thread ID: 10404"
"10:49:07,5566137","Notepad.exe","11516","RegQueryKey","HKLM","SUCCESS","Query: HandleTags, HandleTags: 0x0"
"10:49:07,5566514","Notepad.exe","11516","RegOpenKey","HKLM\Software\Intel\Display\igfxcui\3D","NAME NOT FOUND","Desired Access: Read"
"10:49:07,5567071","Notepad.exe","11516","RegQueryKey","HKLM","SUCCESS","Query: Name"
"10:49:07,5570298","Notepad.exe","11516","CreateFile","C:\Windows\System32\DriverStore\FileRepository\iigd_dch.inf_amd64_051c53997e7f3cfc\igd10iumd64.dll","SUCCESS","Desired Access: Generic Read, Disposition: Open, Options: Synchronous IO Non-Alert, Non-Directory File, Disallow Exclusive, Attributes: N, ShareMode: Read, AllocationSize: n/a, OpenResult: Opened"
"10:49:07,5570832","Notepad.exe","11516","QueryBasicInformationFile","C:\Windows\System32\DriverStore\FileRepository\iigd_dch.inf_amd64_051c53997e7f3cfc\igd10iumd64.dll","SUCCESS","CreationTime: 13.08.2025 22:28:57, LastAccessTime: 26.09.2026 10:49:05, LastWriteTime: 21.11.2024 7:46:48, ChangeTime: 20.09.2026 19:48:32, FileAttributes: A"
"10:49:07,5571022","Notepad.exe","11516","CloseFile","C:\Windows\System32\DriverStore\FileRepository\iigd_dch.inf_amd64_051c53997e7f3cfc\igd10iumd64.dll","SUCCESS",""
"10:49:07,5573268","Notepad.exe","11516","CreateFile","C:\Windows\System32\DriverStore\FileRepository\iigd_dch.inf_amd64_051c53997e7f3cfc\igd10iumd64.dll","SUCCESS","Desired Access: Read Attributes, Disposition: Open, Options: Open Reparse Point, Attributes: n/a, ShareMode: Read, Write, Delete, AllocationSize: n/a, OpenResult: Opened"
"10:49:07,5573477","Notepad.exe","11516","QueryBasicInformationFile","C:\Windows\System32\DriverStore\FileRepository\iigd_dch.inf_amd64_051c53997e7f3cfc\igd10iumd64.dll","SUCCESS","CreationTime: 13.08.2025 22:28:57, LastAccessTime: 26.09.2026 10:49:05, LastWriteTime: 21.11.2024 7:46:48, ChangeTime: 20.09.2026 19:48:32, FileAttributes: A"
"10:49:07,5573604","Notepad.exe","11516","CloseFile","C:\Windows\System32\DriverStore\FileRepository\iigd_dch.inf_amd64_051c53997e7f3cfc\igd10iumd64.dll","SUCCESS",""
"10:49:07,5575119","Notepad.exe","11516","CreateFile","C:\Windows\System32\DriverStore\FileRepository\iigd_dch.inf_amd64_051c53997e7f3cfc\igd10iumd64.dll","SUCCESS","Desired Access: Read Attributes, Disposition: Open, Options: Open Reparse Point, Attributes: n/a, ShareMode: Read, Write, Delete, AllocationSize: n/a, OpenResult: Opened"
"10:49:07,5575295","Notepad.exe","11516","QueryBasicInformationFile","C:\Windows\System32\DriverStore\FileRepository\iigd_dch.inf_amd64_051c53997e7f3cfc\igd10iumd64.dll","SUCCESS","CreationTime: 13.08.2025 22:28:57, LastAccessTime: 26.09.2026 10:49:05, LastWriteTime: 21.11.2024 7:46:48, ChangeTime: 20.09.2026 19:48:32, FileAttributes: A"
"10:49:07,5575403","Notepad.exe","11516","CloseFile","C:\Windows\System32\DriverStore\FileRepository\iigd_dch.inf_amd64_051c53997e7f3cfc\igd10iumd64.dll","SUCCESS",""
"10:49:07,5578707","Notepad.exe","11516","CreateFile","C:\Windows\System32\DriverStore\FileRepository\iigd_dch.inf_amd64_051c53997e7f3cfc\igdumdim64.dll","SUCCESS","Desired Access: Read Attributes, Disposition: Open, Options: Open Reparse Point, Attributes: n/a, ShareMode: Read, Write, Delete, AllocationSize: n/a, OpenResult: Opened"
"10:49:07,5578931","Notepad.exe","11516","QueryBasicInformationFile","C:\Windows\System32\DriverStore\FileRepository\iigd_dch.inf_amd64_051c53997e7f3cfc\igdumdim64.dll","SUCCESS","CreationTime: 13.08.2025 22:28:57, LastAccessTime: 26.09.2026 10:49:02, LastWriteTime: 21.11.2024 7:47:30, ChangeTime: 13.08.2025 22:29:49, FileAttributes: N"
"10:49:07,5579054","Notepad.exe","11516","CloseFile","C:\Windows\System32\DriverStore\FileRepository\iigd_dch.inf_amd64_051c53997e7f3cfc\igdumdim64.dll","SUCCESS",""
"10:49:07,5579769","Notepad.exe","11516","CreateFile","C:\Windows\System32\DriverStore\FileRepository\iigd_dch.inf_amd64_051c53997e7f3cfc\igdumdim64.dll","SUCCESS","Desired Access: Generic Read/Execute, Disposition: Open, Options: Synchronous IO Non-Alert, Non-Directory File, Disallow Exclusive, Attributes: n/a, ShareMode: Read, Delete, AllocationSize: n/a, OpenResult: Opened"
"10:49:07,5580076","Notepad.exe","11516","CreateFileMapping","C:\Windows\System32\DriverStore\FileRepository\iigd_dch.inf_amd64_051c53997e7f3cfc\igdumdim64.dll","FILE LOCKED WITH ONLY READERS","SyncType: SyncTypeCreateSection, PageProtection: PAGE_READONLY"
"10:49:07,5580363","Notepad.exe","11516","CreateFileMapping","C:\Windows\System32\DriverStore\FileRepository\iigd_dch.inf_amd64_051c53997e7f3cfc\igdumdim64.dll","SUCCESS","SyncType: SyncTypeOther"
"10:49:07,5580691","Notepad.exe","11516","CloseFile","C:\Windows\System32\DriverStore\FileRepository\iigd_dch.inf_amd64_051c53997e7f3cfc\igdumdim64.dll","SUCCESS",""
"10:49:07,5582217","Notepad.exe","11516","CreateFile","C:\Windows\System32\DriverStore\FileRepository\iigd_dch.inf_amd64_051c53997e7f3cfc\igdumdim64.dll","SUCCESS","Desired Access: Read Attributes, Disposition: Open, Options: Open Reparse Point, Attributes: n/a, ShareMode: Read, Write, Delete, AllocationSize: n/a, OpenResult: Opened"
"10:49:07,5582384","Notepad.exe","11516","QueryBasicInformationFile","C:\Windows\System32\DriverStore\FileRepository\iigd_dch.inf_amd64_051c53997e7f3cfc\igdumdim64.dll","SUCCESS","CreationTime: 13.08.2025 22:28:57, LastAccessTime: 26.09.2026 10:49:07, LastWriteTime: 21.11.2024 7:47:30, ChangeTime: 13.08.2025 22:29:49, FileAttributes: N"
"10:49:07,5582494","Notepad.exe","11516","CloseFile","C:\Windows\System32\DriverStore\FileRepository\iigd_dch.inf_amd64_051c53997e7f3cfc\igdumdim64.dll","SUCCESS",""
"10:49:07,5583136","Notepad.exe","11516","CreateFile","C:\Windows\System32\DriverStore\FileRepository\iigd_dch.inf_amd64_051c53997e7f3cfc\igdumdim64.dll","SUCCESS","Desired Access: Generic Read/Execute, Disposition: Open, Options: Synchronous IO Non-Alert, Non-Directory File, Disallow Exclusive, Attributes: n/a, ShareMode: Read, Delete, AllocationSize: n/a, OpenResult: Opened"
"10:49:07,5583372","Notepad.exe","11516","CreateFileMapping","C:\Windows\System32\DriverStore\FileRepository\iigd_dch.inf_amd64_051c53997e7f3cfc\igdumdim64.dll","FILE LOCKED WITH ONLY READERS","SyncType: SyncTypeCreateSection, PageProtection: PAGE_READONLY"
"10:49:07,5583591","Notepad.exe","11516","CreateFileMapping","C:\Windows\System32\DriverStore\FileRepository\iigd_dch.inf_amd64_051c53997e7f3cfc\igdumdim64.dll","SUCCESS","SyncType: SyncTypeOther"
"10:49:07,5583848","Notepad.exe","11516","CloseFile","C:\Windows\System32\DriverStore\FileRepository\iigd_dch.inf_amd64_051c53997e7f3cfc\igdumdim64.dll","SUCCESS",""
"10:49:07,5611093","Notepad.exe","11516","RegOpenKey","HKLM\Hardware\DeviceMap\Video","SUCCESS","Desired Access: Read"
"10:49:07,5611671","Notepad.exe","11516","RegQueryValue","HKLM\HARDWARE\DEVICEMAP\VIDEO\\Device\Video0","SUCCESS","Type: REG_SZ, Length: 202, Data: \Registry\Machine\System\CurrentControlSet\Control\Video\{198BBAA9-CE08-11EF-9B7C-806E6F6E6963}\0000"
"10:49:07,5611974","Notepad.exe","11516","RegOpenKey","HKLM\System\CurrentControlSet\CONTROL\VIDEO\{198BBAA9-CE08-11EF-9B7C-806E6F6E6963}\0000","REPARSE","Desired Access: Read"
"10:49:07,5612239","Notepad.exe","11516","RegOpenKey","HKLM\System\CurrentControlSet\CONTROL\VIDEO\{198BBAA9-CE08-11EF-9B7C-806E6F6E6963}\0000","REPARSE","Desired Access: Read"
"10:49:07,5612470","Notepad.exe","11516","RegOpenKey","HKLM\System\CurrentControlSet\Control\Class\{4d36e968-e325-11ce-bfc1-08002be10318}\0000","SUCCESS","Desired Access: Read"
"10:49:07,5612709","Notepad.exe","11516","RegCloseKey","HKLM\HARDWARE\DEVICEMAP\VIDEO","SUCCESS",""
"10:49:07,5612861","Notepad.exe","11516","RegQueryValue","HKLM\System\CurrentControlSet\Control\Class\{4d36e968-e325-11ce-bfc1-08002be10318}\0000\PruningMode","NAME NOT FOUND","Length: 52"
"10:49:07,5613041","Notepad.exe","11516","RegCloseKey","HKLM\System\CurrentControlSet\Control\Class\{4d36e968-e325-11ce-bfc1-08002be10318}\0000","SUCCESS",""
"10:49:07,5613310","Notepad.exe","11516","RegOpenKey","HKLM\System\CurrentControlSet\Enum\PCI\VEN_8086&DEV_A7A8&SUBSYS_206A1EE7&REV_04\3&11583659&0&10","SUCCESS","Desired Access: Query Value, Maximum Allowed"
"10:49:07,5613536","Notepad.exe","11516","RegQueryValue","HKLM\System\CurrentControlSet\Enum\PCI\VEN_8086&DEV_A7A8&SUBSYS_206A1EE7&REV_04\3&11583659&0&10\HardwareID","BUFFER OVERFLOW","Length: 268"
"10:49:07,5613730","Notepad.exe","11516","RegCloseKey","HKLM\System\CurrentControlSet\Enum\PCI\VEN_8086&DEV_A7A8&SUBSYS_206A1EE7&REV_04\3&11583659&0&10","SUCCESS",""
"10:49:07,5613931","Notepad.exe","11516","RegOpenKey","HKLM\System\CurrentControlSet\Enum\PCI\VEN_8086&DEV_A7A8&SUBSYS_206A1EE7&REV_04\3&11583659&0&10","SUCCESS","Desired Access: Query Value, Maximum Allowed"
"10:49:07,5614133","Notepad.exe","11516","RegQueryValue","HKLM\System\CurrentControlSet\Enum\PCI\VEN_8086&DEV_A7A8&SUBSYS_206A1EE7&REV_04\3&11583659&0&10\HardwareID","SUCCESS","Type: REG_MULTI_SZ, Length: 292, Data: PCI\VEN_8086&DEV_A7A8&SUBSYS_206A1EE7&REV_04, PCI\VEN_8086&DEV_A7A8&SUBSYS_206A1EE7, PCI\VEN_8086&DEV_A7A8&CC_030000, PCI\VEN_8086&DEV_A7A8&CC_0300"
"10:49:07,5614287","Notepad.exe","11516","RegCloseKey","HKLM\System\CurrentControlSet\Enum\PCI\VEN_8086&DEV_A7A8&SUBSYS_206A1EE7&REV_04\3&11583659&0&10","SUCCESS",""
"10:49:07,5614425","Notepad.exe","11516","RegOpenKey","HKLM\Hardware\DeviceMap\Video","SUCCESS","Desired Access: Read"
"10:49:07,5614647","Notepad.exe","11516","RegQueryValue","HKLM\HARDWARE\DEVICEMAP\VIDEO\\Device\Video0","SUCCESS","Type: REG_SZ, Length: 202, Data: \Registry\Machine\System\CurrentControlSet\Control\Video\{198BBAA9-CE08-11EF-9B7C-806E6F6E6963}\0000"
"10:49:07,5614855","Notepad.exe","11516","RegCloseKey","HKLM\HARDWARE\DEVICEMAP\VIDEO","SUCCESS",""
"10:49:07,5615543","Notepad.exe","11516","RegOpenKey","HKLM\Hardware\DeviceMap\Video","SUCCESS","Desired Access: Read"
"10:49:07,5615837","Notepad.exe","11516","RegQueryValue","HKLM\HARDWARE\DEVICEMAP\VIDEO\\Device\Video1","SUCCESS","Type: REG_SZ, Length: 202, Data: \Registry\Machine\System\CurrentControlSet\Control\Video\{198BBAA9-CE08-11EF-9B7C-806E6F6E6963}\0001"
"10:49:07,5616116","Notepad.exe","11516","RegOpenKey","HKLM\System\CurrentControlSet\CONTROL\VIDEO\{198BBAA9-CE08-11EF-9B7C-806E6F6E6963}\0001","REPARSE","Desired Access: Read"
"10:49:07,5616387","Notepad.exe","11516","RegOpenKey","HKLM\System\CurrentControlSet\CONTROL\VIDEO\{198BBAA9-CE08-11EF-9B7C-806E6F6E6963}\0001","REPARSE","Desired Access: Read"
"10:49:07,5616784","Notepad.exe","11516","RegOpenKey","HKLM\System\CurrentControlSet\Control\Class\{4d36e968-e325-11ce-bfc1-08002be10318}\0000","SUCCESS","Desired Access: Read"
"10:49:07,5617062","Notepad.exe","11516","RegCloseKey","HKLM\HARDWARE\DEVICEMAP\VIDEO","SUCCESS",""
"10:49:07,5617244","Notepad.exe","11516","RegQueryValue","HKLM\System\CurrentControlSet\Control\Class\{4d36e968-e325-11ce-bfc1-08002be10318}\0000\PruningMode","NAME NOT FOUND","Length: 52"
"10:49:07,5617477","Notepad.exe","11516","RegCloseKey","HKLM\System\CurrentControlSet\Control\Class\{4d36e968-e325-11ce-bfc1-08002be10318}\0000","SUCCESS",""
"10:49:07,5617720","Notepad.exe","11516","RegOpenKey","HKLM\System\CurrentControlSet\Enum\PCI\VEN_8086&DEV_A7A8&SUBSYS_206A1EE7&REV_04\3&11583659&0&10","SUCCESS","Desired Access: Query Value, Maximum Allowed"
"10:49:07,5617925","Notepad.exe","11516","RegQueryValue","HKLM\System\CurrentControlSet\Enum\PCI\VEN_8086&DEV_A7A8&SUBSYS_206A1EE7&REV_04\3&11583659&0&10\HardwareID","BUFFER OVERFLOW","Length: 268"
"10:49:07,5618119","Notepad.exe","11516","RegCloseKey","HKLM\System\CurrentControlSet\Enum\PCI\VEN_8086&DEV_A7A8&SUBSYS_206A1EE7&REV_04\3&11583659&0&10","SUCCESS",""
"10:49:07,5618331","Notepad.exe","11516","RegOpenKey","HKLM\System\CurrentControlSet\Enum\PCI\VEN_8086&DEV_A7A8&SUBSYS_206A1EE7&REV_04\3&11583659&0&10","SUCCESS","Desired Access: Query Value, Maximum Allowed"
"10:49:07,5618519","Notepad.exe","11516","RegQueryValue","HKLM\System\CurrentControlSet\Enum\PCI\VEN_8086&DEV_A7A8&SUBSYS_206A1EE7&REV_04\3&11583659&0&10\HardwareID","SUCCESS","Type: REG_MULTI_SZ, Length: 292, Data: PCI\VEN_8086&DEV_A7A8&SUBSYS_206A1EE7&REV_04, PCI\VEN_8086&DEV_A7A8&SUBSYS_206A1EE7, PCI\VEN_8086&DEV_A7A8&CC_030000, PCI\VEN_8086&DEV_A7A8&CC_0300"
"10:49:07,5618808","Notepad.exe","11516","RegCloseKey","HKLM\System\CurrentControlSet\Enum\PCI\VEN_8086&DEV_A7A8&SUBSYS_206A1EE7&REV_04\3&11583659&0&10","SUCCESS",""
"10:49:07,5618998","Notepad.exe","11516","RegOpenKey","HKLM\Hardware\DeviceMap\Video","SUCCESS","Desired Access: Read"
"10:49:07,5619614","Notepad.exe","11516","RegQueryValue","HKLM\HARDWARE\DEVICEMAP\VIDEO\\Device\Video1","SUCCESS","Type: REG_SZ, Length: 202, Data: \Registry\Machine\System\CurrentControlSet\Control\Video\{198BBAA9-CE08-11EF-9B7C-806E6F6E6963}\0001"
"10:49:07,5619826","Notepad.exe","11516","RegCloseKey","HKLM\HARDWARE\DEVICEMAP\VIDEO","SUCCESS",""
"10:49:07,5620104","Notepad.exe","11516","RegOpenKey","HKLM\Hardware\DeviceMap\Video","SUCCESS","Desired Access: Read"
"10:49:07,5620358","Notepad.exe","11516","RegQueryValue","HKLM\HARDWARE\DEVICEMAP\VIDEO\\Device\Video2","SUCCESS","Type: REG_SZ, Length: 202, Data: \Registry\Machine\System\CurrentControlSet\Control\Video\{198BBAA9-CE08-11EF-9B7C-806E6F6E6963}\0002"
"10:49:07,5620618","Notepad.exe","11516","RegOpenKey","HKLM\System\CurrentControlSet\CONTROL\VIDEO\{198BBAA9-CE08-11EF-9B7C-806E6F6E6963}\0002","REPARSE","Desired Access: Read"
"10:49:07,5620875","Notepad.exe","11516","RegOpenKey","HKLM\System\CurrentControlSet\CONTROL\VIDEO\{198BBAA9-CE08-11EF-9B7C-806E6F6E6963}\0002","REPARSE","Desired Access: Read"
"10:49:07,5621209","Notepad.exe","11516","RegOpenKey","HKLM\System\CurrentControlSet\Control\Class\{4d36e968-e325-11ce-bfc1-08002be10318}\0000","SUCCESS","Desired Access: Read"
"10:49:07,5621477","Notepad.exe","11516","RegCloseKey","HKLM\HARDWARE\DEVICEMAP\VIDEO","SUCCESS",""
"10:49:07,5621710","Notepad.exe","11516","RegQueryValue","HKLM\System\CurrentControlSet\Control\Class\{4d36e968-e325-11ce-bfc1-08002be10318}\0000\PruningMode","NAME NOT FOUND","Length: 52"
"10:49:07,5621949","Notepad.exe","11516","RegCloseKey","HKLM\System\CurrentControlSet\Control\Class\{4d36e968-e325-11ce-bfc1-08002be10318}\0000","SUCCESS",""
"10:49:07,5622250","Notepad.exe","11516","RegOpenKey","HKLM\System\CurrentControlSet\Enum\PCI\VEN_8086&DEV_A7A8&SUBSYS_206A1EE7&REV_04\3&11583659&0&10","SUCCESS","Desired Access: Query Value, Maximum Allowed"
"10:49:07,5622498","Notepad.exe","11516","RegQueryValue","HKLM\System\CurrentControlSet\Enum\PCI\VEN_8086&DEV_A7A8&SUBSYS_206A1EE7&REV_04\3&11583659&0&10\HardwareID","BUFFER OVERFLOW","Length: 268"
"10:49:07,5622712","Notepad.exe","11516","RegCloseKey","HKLM\System\CurrentControlSet\Enum\PCI\VEN_8086&DEV_A7A8&SUBSYS_206A1EE7&REV_04\3&11583659&0&10","SUCCESS",""
"10:49:07,5623047","Notepad.exe","11516","RegOpenKey","HKLM\System\CurrentControlSet\Enum\PCI\VEN_8086&DEV_A7A8&SUBSYS_206A1EE7&REV_04\3&11583659&0&10","SUCCESS","Desired Access: Query Value, Maximum Allowed"
"10:49:07,5623312","Notepad.exe","11516","RegQueryValue","HKLM\System\CurrentControlSet\Enum\PCI\VEN_8086&DEV_A7A8&SUBSYS_206A1EE7&REV_04\3&11583659&0&10\HardwareID","SUCCESS","Type: REG_MULTI_SZ, Length: 292, Data: PCI\VEN_8086&DEV_A7A8&SUBSYS_206A1EE7&REV_04, PCI\VEN_8086&DEV_A7A8&SUBSYS_206A1EE7, PCI\VEN_8086&DEV_A7A8&CC_030000, PCI\VEN_8086&DEV_A7A8&CC_0300"
"10:49:07,5623659","Notepad.exe","11516","RegCloseKey","HKLM\System\CurrentControlSet\Enum\PCI\VEN_8086&DEV_A7A8&SUBSYS_206A1EE7&REV_04\3&11583659&0&10","SUCCESS",""
"10:49:07,5623868","Notepad.exe","11516","RegOpenKey","HKLM\Hardware\DeviceMap\Video","SUCCESS","Desired Access: Read"
"10:49:07,5624206","Notepad.exe","11516","RegQueryValue","HKLM\HARDWARE\DEVICEMAP\VIDEO\\Device\Video2","SUCCESS","Type: REG_SZ, Length: 202, Data: \Registry\Machine\System\CurrentControlSet\Control\Video\{198BBAA9-CE08-11EF-9B7C-806E6F6E6963}\0002"
"10:49:07,5624409","Notepad.exe","11516","RegCloseKey","HKLM\HARDWARE\DEVICEMAP\VIDEO","SUCCESS",""
"10:49:07,5625634","Notepad.exe","11516","LockFile","C:\Users\arina\AppData\LocalLow\dbb17a6be212ef685ba97fbba526dd2acf51c2e342e255cd4905a3ef0d0cc239","SUCCESS","Exclusive: True, Offset: 0, Length: 4 294 967 295, Fail Immediately: False"
"10:49:07,5625791","Notepad.exe","11516","RegOpenKey","HKLM\Hardware\DeviceMap\Video","SUCCESS","Desired Access: Read"
"10:49:07,5626019","Notepad.exe","11516","QueryBasicInformationFile","C:\Users\arina\AppData\LocalLow\dbb17a6be212ef685ba97fbba526dd2acf51c2e342e255cd4905a3ef0d0cc239","SUCCESS","CreationTime: 13.08.2025 21:25:10, LastAccessTime: 06.06.2026 15:19:55, LastWriteTime: 06.06.2026 15:19:55, ChangeTime: 25.09.2026 21:07:42, FileAttributes: ANCI"
"10:49:07,5626082","Notepad.exe","11516","RegQueryValue","HKLM\HARDWARE\DEVICEMAP\VIDEO\\Device\Video3","SUCCESS","Type: REG_SZ, Length: 202, Data: \Registry\Machine\System\CurrentControlSet\Control\Video\{198BBAA9-CE08-11EF-9B7C-806E6F6E6963}\0003"
"10:49:07,5626429","Notepad.exe","11516","RegOpenKey","HKLM\System\CurrentControlSet\CONTROL\VIDEO\{198BBAA9-CE08-11EF-9B7C-806E6F6E6963}\0003","REPARSE","Desired Access: Read"
"10:49:07,5626477","Notepad.exe","11516","UnlockFileSingle","C:\Users\arina\AppData\LocalLow\dbb17a6be212ef685ba97fbba526dd2acf51c2e342e255cd4905a3ef0d0cc239","SUCCESS","Offset: 0, Length: 4 294 967 295"
"10:49:07,5626685","Notepad.exe","11516","RegOpenKey","HKLM\System\CurrentControlSet\CONTROL\VIDEO\{198BBAA9-CE08-11EF-9B7C-806E6F6E6963}\0003","REPARSE","Desired Access: Read"
"10:49:07,5627019","Notepad.exe","11516","RegOpenKey","HKLM\System\CurrentControlSet\Control\Class\{4d36e968-e325-11ce-bfc1-08002be10318}\0000","SUCCESS","Desired Access: Read"
"10:49:07,5627272","Notepad.exe","11516","RegCloseKey","HKLM\HARDWARE\DEVICEMAP\VIDEO","SUCCESS",""
"10:49:07,5627455","Notepad.exe","11516","RegQueryValue","HKLM\System\CurrentControlSet\Control\Class\{4d36e968-e325-11ce-bfc1-08002be10318}\0000\PruningMode","NAME NOT FOUND","Length: 52"
"10:49:07,5627625","Notepad.exe","11516","RegCloseKey","HKLM\System\CurrentControlSet\Control\Class\{4d36e968-e325-11ce-bfc1-08002be10318}\0000","SUCCESS",""
"10:49:07,5627871","Notepad.exe","11516","RegOpenKey","HKLM\System\CurrentControlSet\Enum\PCI\VEN_8086&DEV_A7A8&SUBSYS_206A1EE7&REV_04\3&11583659&0&10","SUCCESS","Desired Access: Query Value, Maximum Allowed"
"10:49:07,5628026","Notepad.exe","11516","RegQueryValue","HKLM\System\CurrentControlSet\Enum\PCI\VEN_8086&DEV_A7A8&SUBSYS_206A1EE7&REV_04\3&11583659&0&10\HardwareID","BUFFER OVERFLOW","Length: 268"
"10:49:07,5628166","Notepad.exe","11516","RegCloseKey","HKLM\System\CurrentControlSet\Enum\PCI\VEN_8086&DEV_A7A8&SUBSYS_206A1EE7&REV_04\3&11583659&0&10","SUCCESS",""
"10:49:07,5628314","Notepad.exe","11516","RegOpenKey","HKLM\System\CurrentControlSet\Enum\PCI\VEN_8086&DEV_A7A8&SUBSYS_206A1EE7&REV_04\3&11583659&0&10","SUCCESS","Desired Access: Query Value, Maximum Allowed"
"10:49:07,5628456","Notepad.exe","11516","RegQueryValue","HKLM\System\CurrentControlSet\Enum\PCI\VEN_8086&DEV_A7A8&SUBSYS_206A1EE7&REV_04\3&11583659&0&10\HardwareID","SUCCESS","Type: REG_MULTI_SZ, Length: 292, Data: PCI\VEN_8086&DEV_A7A8&SUBSYS_206A1EE7&REV_04, PCI\VEN_8086&DEV_A7A8&SUBSYS_206A1EE7, PCI\VEN_8086&DEV_A7A8&CC_030000, PCI\VEN_8086&DEV_A7A8&CC_0300"
"10:49:07,5628594","Notepad.exe","11516","RegCloseKey","HKLM\System\CurrentControlSet\Enum\PCI\VEN_8086&DEV_A7A8&SUBSYS_206A1EE7&REV_04\3&11583659&0&10","SUCCESS",""
"10:49:07,5628723","Notepad.exe","11516","RegOpenKey","HKLM\Hardware\DeviceMap\Video","SUCCESS","Desired Access: Read"
"10:49:07,5628898","Notepad.exe","11516","RegQueryValue","HKLM\HARDWARE\DEVICEMAP\VIDEO\\Device\Video3","SUCCESS","Type: REG_SZ, Length: 202, Data: \Registry\Machine\System\CurrentControlSet\Control\Video\{198BBAA9-CE08-11EF-9B7C-806E6F6E6963}\0003"
"10:49:07,5629035","Notepad.exe","11516","RegCloseKey","HKLM\HARDWARE\DEVICEMAP\VIDEO","SUCCESS",""
"10:49:07,5630084","Notepad.exe","11516","RegOpenKey","HKLM\Hardware\DeviceMap\Video","SUCCESS","Desired Access: Read"
"10:49:07,5630484","Notepad.exe","11516","RegQueryValue","HKLM\HARDWARE\DEVICEMAP\VIDEO\\Device\Video5","SUCCESS","Type: REG_SZ, Length: 202, Data: \Registry\Machine\System\CurrentControlSet\Control\Video\{940D0FAB-CE09-11EF-9B80-A865883AB745}\0000"
"10:49:07,5630812","Notepad.exe","11516","RegOpenKey","HKLM\System\CurrentControlSet\CONTROL\VIDEO\{940D0FAB-CE09-11EF-9B80-A865883AB745}\0000","REPARSE","Desired Access: Read"
"10:49:07,5631094","Notepad.exe","11516","RegOpenKey","HKLM\System\CurrentControlSet\CONTROL\VIDEO\{940D0FAB-CE09-11EF-9B80-A865883AB745}\0000","REPARSE","Desired Access: Read"
"10:49:07,5631380","Notepad.exe","11516","RegOpenKey","HKLM\System\CurrentControlSet\Control\Class\{4d36e968-e325-11ce-bfc1-08002be10318}\0001","SUCCESS","Desired Access: Read"
"10:49:07,5631639","Notepad.exe","11516","RegCloseKey","HKLM\HARDWARE\DEVICEMAP\VIDEO","SUCCESS",""
"10:49:07,5631867","Notepad.exe","11516","RegQueryValue","HKLM\System\CurrentControlSet\Control\Class\{4d36e968-e325-11ce-bfc1-08002be10318}\0001\PruningMode","NAME NOT FOUND","Length: 52"
"10:49:07,5632020","Notepad.exe","11516","RegCloseKey","HKLM\System\CurrentControlSet\Control\Class\{4d36e968-e325-11ce-bfc1-08002be10318}\0001","SUCCESS",""
"10:49:07,5632305","Notepad.exe","11516","RegOpenKey","HKLM\System\CurrentControlSet\Enum\IndirectDSP\VirtualDisplayDriver\1&79f5d87&0&01","SUCCESS","Desired Access: Query Value, Maximum Allowed"
"10:49:07,5632501","Notepad.exe","11516","RegQueryValue","HKLM\System\CurrentControlSet\Enum\IndirectDSP\VirtualDisplayDriver\1&79f5d87&0&01\HardwareID","SUCCESS","Type: REG_MULTI_SZ, Length: 68, Data: IndirectDSP\VirtualDisplayDriver"
"10:49:07,5632664","Notepad.exe","11516","RegCloseKey","HKLM\System\CurrentControlSet\Enum\IndirectDSP\VirtualDisplayDriver\1&79f5d87&0&01","SUCCESS",""
"10:49:07,5632802","Notepad.exe","11516","RegOpenKey","HKLM\Hardware\DeviceMap\Video","SUCCESS","Desired Access: Read"
"10:49:07,5632984","Notepad.exe","11516","RegQueryValue","HKLM\HARDWARE\DEVICEMAP\VIDEO\\Device\Video5","SUCCESS","Type: REG_SZ, Length: 202, Data: \Registry\Machine\System\CurrentControlSet\Control\Video\{940D0FAB-CE09-11EF-9B80-A865883AB745}\0000"
"10:49:07,5633249","Notepad.exe","11516","RegCloseKey","HKLM\HARDWARE\DEVICEMAP\VIDEO","SUCCESS",""
"10:49:07,5637756","Notepad.exe","11516","RegQueryKey","HKLM","SUCCESS","Query: HandleTags, HandleTags: 0x0"
"10:49:07,5637970","Notepad.exe","11516","RegOpenKey","HKLM\SOFTWARE\Microsoft\Windows\CurrentVersion\Explorer\Scaling","NAME NOT FOUND","Desired Access: Query Value"
"10:49:07,5638475","Notepad.exe","11516","RegQueryKey","HKLM","SUCCESS","Query: Name"
"10:49:07,5639267","Notepad.exe","11516","RegQueryKey","\REGISTRY\WC\Silo480a25d5-cec8-60cc-d5df-02e80f443476user_classes","SUCCESS","Query: Name"
"10:49:07,5639827","Notepad.exe","11516","RegQueryKey","\REGISTRY\WC\Silo480a25d5-cec8-60cc-d5df-02e80f443476user_classes","SUCCESS","Query: HandleTags, HandleTags: 0x0"
"10:49:07,5640180","Notepad.exe","11516","RegQueryKey","\REGISTRY\WC\Silo480a25d5-cec8-60cc-d5df-02e80f443476user_classes","SUCCESS","Query: HandleTags, HandleTags: 0x0"
"10:49:07,5640430","Notepad.exe","11516","RegOpenKey","\REGISTRY\WC\Silo480a25d5-cec8-60cc-d5df-02e80f443476user_classes\CLSID\{CC07F1AC-9ADD-4DEF-93DF-6F755F2A88A1}","NAME NOT FOUND","Desired Access: Read"
"10:49:07,5641015","Notepad.exe","11516","RegOpenKey","HKCR\CLSID\{CC07F1AC-9ADD-4DEF-93DF-6F755F2A88A1}","REPARSE GLOBAL","Desired Access: Read"
"10:49:07,5641524","Notepad.exe","11516","RegOpenKey","HKCR\CLSID\{CC07F1AC-9ADD-4DEF-93DF-6F755F2A88A1}","SUCCESS","Desired Access: Read"
"10:49:07,5641841","Notepad.exe","11516","RegQueryKey","HKCR\CLSID\{CC07F1AC-9ADD-4DEF-93DF-6F755F2A88A1}","SUCCESS","Query: Name"
"10:49:07,5642103","Notepad.exe","11516","RegQueryKey","HKCR\CLSID\{CC07F1AC-9ADD-4DEF-93DF-6F755F2A88A1}","SUCCESS","Query: HandleTags, HandleTags: 0x0"
"10:49:07,5642341","Notepad.exe","11516","RegOpenKey","HKCU\Software\Classes\CLSID\{CC07F1AC-9ADD-4DEF-93DF-6F755F2A88A1}\TreatAs","NAME NOT FOUND","Desired Access: Query Value"
"10:49:07,5642691","Notepad.exe","11516","RegQueryKey","HKCR\CLSID\{CC07F1AC-9ADD-4DEF-93DF-6F755F2A88A1}","SUCCESS","Query: HandleTags, HandleTags: 0x0"
"10:49:07,5642894","Notepad.exe","11516","RegOpenKey","HKCR\CLSID\{CC07F1AC-9ADD-4DEF-93DF-6F755F2A88A1}\TreatAs","NAME NOT FOUND","Desired Access: Query Value"
"10:49:07,5643141","Notepad.exe","11516","RegQueryKey","HKCR\CLSID\{CC07F1AC-9ADD-4DEF-93DF-6F755F2A88A1}","SUCCESS","Query: Name"
"10:49:07,5643457","Notepad.exe","11516","RegQueryKey","HKCR\CLSID\{CC07F1AC-9ADD-4DEF-93DF-6F755F2A88A1}","SUCCESS","Query: Name"
"10:49:07,5644048","Notepad.exe","11516","RegQueryKey","HKCR\CLSID\{CC07F1AC-9ADD-4DEF-93DF-6F755F2A88A1}","SUCCESS","Query: Name"
"10:49:07,5644390","Notepad.exe","11516","RegQueryKey","HKCR\CLSID\{CC07F1AC-9ADD-4DEF-93DF-6F755F2A88A1}","SUCCESS","Query: HandleTags, HandleTags: 0x0"
"10:49:07,5644712","Notepad.exe","11516","RegOpenKey","HKCU\Software\Classes\CLSID\{CC07F1AC-9ADD-4DEF-93DF-6F755F2A88A1}","NAME NOT FOUND","Desired Access: Maximum Allowed"
"10:49:07,5645072","Notepad.exe","11516","RegQueryValue","HKCR\CLSID\{CC07F1AC-9ADD-4DEF-93DF-6F755F2A88A1}\ActivateOnHostFlags","NAME NOT FOUND","Length: 16"
"10:49:07,5645236","Notepad.exe","11516","RegQueryKey","HKCR\CLSID\{CC07F1AC-9ADD-4DEF-93DF-6F755F2A88A1}","SUCCESS","Query: Name"
"10:49:07,5645394","Notepad.exe","11516","RegQueryKey","HKCR\CLSID\{CC07F1AC-9ADD-4DEF-93DF-6F755F2A88A1}","SUCCESS","Query: HandleTags, HandleTags: 0x0"
"10:49:07,5645561","Notepad.exe","11516","RegOpenKey","HKCU\Software\Classes\CLSID\{CC07F1AC-9ADD-4DEF-93DF-6F755F2A88A1}","NAME NOT FOUND","Desired Access: Maximum Allowed"
"10:49:07,5645773","Notepad.exe","11516","RegQueryValue","HKCR\CLSID\{CC07F1AC-9ADD-4DEF-93DF-6F755F2A88A1}\(Default)","BUFFER OVERFLOW","Length: 12"
"10:49:07,5645908","Notepad.exe","11516","RegQueryKey","HKCR\CLSID\{CC07F1AC-9ADD-4DEF-93DF-6F755F2A88A1}","SUCCESS","Query: Name"
"10:49:07,5646044","Notepad.exe","11516","RegQueryKey","HKCR\CLSID\{CC07F1AC-9ADD-4DEF-93DF-6F755F2A88A1}","SUCCESS","Query: HandleTags, HandleTags: 0x0"
"10:49:07,5646190","Notepad.exe","11516","RegOpenKey","HKCU\Software\Classes\CLSID\{CC07F1AC-9ADD-4DEF-93DF-6F755F2A88A1}","NAME NOT FOUND","Desired Access: Maximum Allowed"
"10:49:07,5646379","Notepad.exe","11516","RegQueryValue","HKCR\CLSID\{CC07F1AC-9ADD-4DEF-93DF-6F755F2A88A1}\(Default)","SUCCESS","Type: REG_SZ, Length: 36, Data: DataExchange Host"
"10:49:07,5646534","Notepad.exe","11516","RegQueryKey","HKCR\CLSID\{CC07F1AC-9ADD-4DEF-93DF-6F755F2A88A1}","SUCCESS","Query: Name"
"10:49:07,5646682","Notepad.exe","11516","RegQueryKey","HKCR\CLSID\{CC07F1AC-9ADD-4DEF-93DF-6F755F2A88A1}","SUCCESS","Query: HandleTags, HandleTags: 0x0"
"10:49:07,5646829","Notepad.exe","11516","RegOpenKey","HKCU\Software\Classes\CLSID\{CC07F1AC-9ADD-4DEF-93DF-6F755F2A88A1}\InprocServer32","NAME NOT FOUND","Desired Access: Read"
"10:49:07,5647027","Notepad.exe","11516","RegQueryKey","HKCR\CLSID\{CC07F1AC-9ADD-4DEF-93DF-6F755F2A88A1}","SUCCESS","Query: HandleTags, HandleTags: 0x0"
"10:49:07,5647156","Notepad.exe","11516","RegOpenKey","HKCR\CLSID\{CC07F1AC-9ADD-4DEF-93DF-6F755F2A88A1}\InprocServer32","NAME NOT FOUND","Desired Access: Read"
"10:49:07,5647319","Notepad.exe","11516","RegQueryKey","HKCR\CLSID\{CC07F1AC-9ADD-4DEF-93DF-6F755F2A88A1}","SUCCESS","Query: Name"
"10:49:07,5647457","Notepad.exe","11516","RegQueryKey","HKCR\CLSID\{CC07F1AC-9ADD-4DEF-93DF-6F755F2A88A1}","SUCCESS","Query: Name"
"10:49:07,5647590","Notepad.exe","11516","RegQueryKey","HKCR\CLSID\{CC07F1AC-9ADD-4DEF-93DF-6F755F2A88A1}","SUCCESS","Query: HandleTags, HandleTags: 0x0"
"10:49:07,5647735","Notepad.exe","11516","RegOpenKey","HKCU\Software\Classes\CLSID\{CC07F1AC-9ADD-4DEF-93DF-6F755F2A88A1}\InprocHandler32","NAME NOT FOUND","Desired Access: Query Value"
"10:49:07,5647947","Notepad.exe","11516","RegQueryKey","HKCR\CLSID\{CC07F1AC-9ADD-4DEF-93DF-6F755F2A88A1}","SUCCESS","Query: HandleTags, HandleTags: 0x0"
"10:49:07,5648075","Notepad.exe","11516","RegOpenKey","HKCR\CLSID\{CC07F1AC-9ADD-4DEF-93DF-6F755F2A88A1}\InprocHandler32","NAME NOT FOUND","Desired Access: Query Value"
"10:49:07,5648220","Notepad.exe","11516","RegQueryKey","HKCR\CLSID\{CC07F1AC-9ADD-4DEF-93DF-6F755F2A88A1}","SUCCESS","Query: Name"
"10:49:07,5648353","Notepad.exe","11516","RegQueryKey","HKCR\CLSID\{CC07F1AC-9ADD-4DEF-93DF-6F755F2A88A1}","SUCCESS","Query: Name"
"10:49:07,5648489","Notepad.exe","11516","RegQueryKey","HKCR\CLSID\{CC07F1AC-9ADD-4DEF-93DF-6F755F2A88A1}","SUCCESS","Query: HandleTags, HandleTags: 0x0"
"10:49:07,5648624","Notepad.exe","11516","RegOpenKey","HKCU\Software\Classes\CLSID\{CC07F1AC-9ADD-4DEF-93DF-6F755F2A88A1}\InprocHandler","NAME NOT FOUND","Desired Access: Query Value"
"10:49:07,5648810","Notepad.exe","11516","RegQueryKey","HKCR\CLSID\{CC07F1AC-9ADD-4DEF-93DF-6F755F2A88A1}","SUCCESS","Query: HandleTags, HandleTags: 0x0"
"10:49:07,5648935","Notepad.exe","11516","RegOpenKey","HKCR\CLSID\{CC07F1AC-9ADD-4DEF-93DF-6F755F2A88A1}\InprocHandler","NAME NOT FOUND","Desired Access: Query Value"
"10:49:07,5649079","Notepad.exe","11516","RegQueryKey","HKCR\CLSID\{CC07F1AC-9ADD-4DEF-93DF-6F755F2A88A1}","SUCCESS","Query: Name"
"10:49:07,5649279","Notepad.exe","11516","RegCloseKey","HKCR\CLSID\{CC07F1AC-9ADD-4DEF-93DF-6F755F2A88A1}","SUCCESS",""
"10:49:07,5649942","Notepad.exe","11516","RegOpenKey","HKCR\PackagedCom\TreatAsClassIndex","NAME NOT FOUND","Desired Access: Read"
"10:49:07,5650302","Notepad.exe","11516","RegOpenKey","HKCR\PackagedCom\ClassIndex\{CC07F1AC-9ADD-4DEF-93DF-6F755F2A88A1}","NAME NOT FOUND","Desired Access: Read"
"10:49:07,5788785","Notepad.exe","11516","LockFile","C:\Users\arina\AppData\LocalLow\dbb17a6be212ef685ba97fbba526dd2acf51c2e342e255cd4905a3ef0d0cc239","SUCCESS","Exclusive: True, Offset: 0, Length: 4 294 967 295, Fail Immediately: False"
"10:49:07,5789011","Notepad.exe","11516","QueryBasicInformationFile","C:\Users\arina\AppData\LocalLow\dbb17a6be212ef685ba97fbba526dd2acf51c2e342e255cd4905a3ef0d0cc239","SUCCESS","CreationTime: 13.08.2025 21:25:10, LastAccessTime: 06.06.2026 15:19:55, LastWriteTime: 06.06.2026 15:19:55, ChangeTime: 25.09.2026 21:07:42, FileAttributes: ANCI"
"10:49:07,5789193","Notepad.exe","11516","UnlockFileSingle","C:\Users\arina\AppData\LocalLow\dbb17a6be212ef685ba97fbba526dd2acf51c2e342e255cd4905a3ef0d0cc239","SUCCESS","Offset: 0, Length: 4 294 967 295"
"10:49:07,5956601","Notepad.exe","11516","LockFile","C:\Users\arina\AppData\LocalLow\dbb17a6be212ef685ba97fbba526dd2acf51c2e342e255cd4905a3ef0d0cc239","SUCCESS","Exclusive: True, Offset: 0, Length: 4 294 967 295, Fail Immediately: False"
"10:49:07,5956871","Notepad.exe","11516","QueryBasicInformationFile","C:\Users\arina\AppData\LocalLow\dbb17a6be212ef685ba97fbba526dd2acf51c2e342e255cd4905a3ef0d0cc239","SUCCESS","CreationTime: 13.08.2025 21:25:10, LastAccessTime: 06.06.2026 15:19:55, LastWriteTime: 06.06.2026 15:19:55, ChangeTime: 25.09.2026 21:07:42, FileAttributes: ANCI"
"10:49:07,5957088","Notepad.exe","11516","UnlockFileSingle","C:\Users\arina\AppData\LocalLow\dbb17a6be212ef685ba97fbba526dd2acf51c2e342e255cd4905a3ef0d0cc239","SUCCESS","Offset: 0, Length: 4 294 967 295"
"10:49:07,6124397","Notepad.exe","11516","LockFile","C:\Users\arina\AppData\LocalLow\dbb17a6be212ef685ba97fbba526dd2acf51c2e342e255cd4905a3ef0d0cc239","SUCCESS","Exclusive: True, Offset: 0, Length: 4 294 967 295, Fail Immediately: False"
"10:49:07,6124685","Notepad.exe","11516","QueryBasicInformationFile","C:\Users\arina\AppData\LocalLow\dbb17a6be212ef685ba97fbba526dd2acf51c2e342e255cd4905a3ef0d0cc239","SUCCESS","CreationTime: 13.08.2025 21:25:10, LastAccessTime: 06.06.2026 15:19:55, LastWriteTime: 06.06.2026 15:19:55, ChangeTime: 25.09.2026 21:07:42, FileAttributes: ANCI"
"10:49:07,6124897","Notepad.exe","11516","UnlockFileSingle","C:\Users\arina\AppData\LocalLow\dbb17a6be212ef685ba97fbba526dd2acf51c2e342e255cd4905a3ef0d0cc239","SUCCESS","Offset: 0, Length: 4 294 967 295"
"10:49:07,6270311","Notepad.exe","11516","RegQueryKey","\REGISTRY\WC\Silo480a25d5-cec8-60cc-d5df-02e80f443476user_classes","SUCCESS","Query: Name"
"10:49:07,6270910","Notepad.exe","11516","RegQueryKey","\REGISTRY\WC\Silo480a25d5-cec8-60cc-d5df-02e80f443476user_classes","SUCCESS","Query: HandleTags, HandleTags: 0x0"
"10:49:07,6271168","Notepad.exe","11516","RegQueryKey","\REGISTRY\WC\Silo480a25d5-cec8-60cc-d5df-02e80f443476user_classes","SUCCESS","Query: HandleTags, HandleTags: 0x0"
"10:49:07,6271449","Notepad.exe","11516","RegOpenKey","\REGISTRY\WC\Silo480a25d5-cec8-60cc-d5df-02e80f443476user_classes\Interface\{EC1EE196-FF17-4DA2-B2AB-6D6F5784ED52}","NAME NOT FOUND","Desired Access: Read"
"10:49:07,6272004","Notepad.exe","11516","RegOpenKey","HKCR\Interface\{EC1EE196-FF17-4DA2-B2AB-6D6F5784ED52}","REPARSE GLOBAL","Desired Access: Read"
"10:49:07,6272566","Notepad.exe","11516","RegOpenKey","HKCR\Interface\{EC1EE196-FF17-4DA2-B2AB-6D6F5784ED52}","SUCCESS","Desired Access: Read"
"10:49:07,6272893","Notepad.exe","11516","RegQueryKey","HKCR\Interface\{EC1EE196-FF17-4DA2-B2AB-6D6F5784ED52}","SUCCESS","Query: Name"
"10:49:07,6273131","Notepad.exe","11516","RegQueryKey","HKCR\Interface\{EC1EE196-FF17-4DA2-B2AB-6D6F5784ED52}","SUCCESS","Query: HandleTags, HandleTags: 0x0"
"10:49:07,6273543","Notepad.exe","11516","RegOpenKey","HKCU\Software\Classes\Interface\{EC1EE196-FF17-4DA2-B2AB-6D6F5784ED52}\ProxyStubClsid32","NAME NOT FOUND","Desired Access: Read"
"10:49:07,6273895","Notepad.exe","11516","RegQueryKey","HKCR\Interface\{EC1EE196-FF17-4DA2-B2AB-6D6F5784ED52}","SUCCESS","Query: HandleTags, HandleTags: 0x0"
"10:49:07,6274094","Notepad.exe","11516","RegOpenKey","HKCR\Interface\{EC1EE196-FF17-4DA2-B2AB-6D6F5784ED52}\ProxyStubClsid32","SUCCESS","Desired Access: Read"
"10:49:07,6274357","Notepad.exe","11516","RegQueryKey","HKCR\Interface\{EC1EE196-FF17-4DA2-B2AB-6D6F5784ED52}\ProxyStubClsid32","SUCCESS","Query: Name"
"10:49:07,6274574","Notepad.exe","11516","RegQueryKey","HKCR\Interface\{EC1EE196-FF17-4DA2-B2AB-6D6F5784ED52}\ProxyStubClsid32","SUCCESS","Query: HandleTags, HandleTags: 0x0"
"10:49:07,6275384","Notepad.exe","11516","RegOpenKey","HKCU\Software\Classes\Interface\{EC1EE196-FF17-4DA2-B2AB-6D6F5784ED52}\ProxyStubClsid32","NAME NOT FOUND","Desired Access: Maximum Allowed"
"10:49:07,6275926","Notepad.exe","11516","RegQueryValue","HKCR\Interface\{EC1EE196-FF17-4DA2-B2AB-6D6F5784ED52}\ProxyStubClsid32\(Default)","SUCCESS","Type: REG_SZ, Length: 78, Data: {95E15D0A-66E6-93D9-C53C-76E6219D3341}"
"10:49:07,6276242","Notepad.exe","11516","RegCloseKey","HKCR\Interface\{EC1EE196-FF17-4DA2-B2AB-6D6F5784ED52}\ProxyStubClsid32","SUCCESS",""
"10:49:07,6276467","Notepad.exe","11516","RegCloseKey","HKCR\Interface\{EC1EE196-FF17-4DA2-B2AB-6D6F5784ED52}","SUCCESS",""
"10:49:07,6283928","Notepad.exe","11516","RegQueryKey","\REGISTRY\WC\Silo480a25d5-cec8-60cc-d5df-02e80f443476user_classes","SUCCESS","Query: Name"
"10:49:07,6284577","Notepad.exe","11516","RegQueryKey","\REGISTRY\WC\Silo480a25d5-cec8-60cc-d5df-02e80f443476user_classes","SUCCESS","Query: HandleTags, HandleTags: 0x0"
"10:49:07,6284831","Notepad.exe","11516","RegQueryKey","\REGISTRY\WC\Silo480a25d5-cec8-60cc-d5df-02e80f443476user_classes","SUCCESS","Query: HandleTags, HandleTags: 0x0"
"10:49:07,6285183","Notepad.exe","11516","RegOpenKey","\REGISTRY\WC\Silo480a25d5-cec8-60cc-d5df-02e80f443476user_classes\Interface\{3E344F25-32F1-4292-A496-7A3B91C195AA}","NAME NOT FOUND","Desired Access: Read"
"10:49:07,6285603","Notepad.exe","11516","RegOpenKey","HKCR\Interface\{3E344F25-32F1-4292-A496-7A3B91C195AA}","REPARSE GLOBAL","Desired Access: Read"
"10:49:07,6286054","Notepad.exe","11516","RegOpenKey","HKCR\Interface\{3E344F25-32F1-4292-A496-7A3B91C195AA}","SUCCESS","Desired Access: Read"
"10:49:07,6286268","Notepad.exe","11516","RegQueryKey","HKCR\Interface\{3E344F25-32F1-4292-A496-7A3B91C195AA}","SUCCESS","Query: Name"
"10:49:07,6286430","Notepad.exe","11516","RegQueryKey","HKCR\Interface\{3E344F25-32F1-4292-A496-7A3B91C195AA}","SUCCESS","Query: HandleTags, HandleTags: 0x0"
"10:49:07,6286594","Notepad.exe","11516","RegOpenKey","HKCU\Software\Classes\Interface\{3E344F25-32F1-4292-A496-7A3B91C195AA}\ProxyStubClsid32","NAME NOT FOUND","Desired Access: Read"
"10:49:07,6286807","Notepad.exe","11516","RegQueryKey","HKCR\Interface\{3E344F25-32F1-4292-A496-7A3B91C195AA}","SUCCESS","Query: HandleTags, HandleTags: 0x0"
"10:49:07,6286939","Notepad.exe","11516","RegOpenKey","HKCR\Interface\{3E344F25-32F1-4292-A496-7A3B91C195AA}\ProxyStubClsid32","SUCCESS","Desired Access: Read"
"10:49:07,6287140","Notepad.exe","11516","RegQueryKey","HKCR\Interface\{3E344F25-32F1-4292-A496-7A3B91C195AA}\ProxyStubClsid32","SUCCESS","Query: Name"
"10:49:07,6287286","Notepad.exe","11516","RegQueryKey","HKCR\Interface\{3E344F25-32F1-4292-A496-7A3B91C195AA}\ProxyStubClsid32","SUCCESS","Query: HandleTags, HandleTags: 0x0"
"10:49:07,6287428","Notepad.exe","11516","RegOpenKey","HKCU\Software\Classes\Interface\{3E344F25-32F1-4292-A496-7A3B91C195AA}\ProxyStubClsid32","NAME NOT FOUND","Desired Access: Maximum Allowed"
"10:49:07,6287636","Notepad.exe","11516","RegQueryValue","HKCR\Interface\{3E344F25-32F1-4292-A496-7A3B91C195AA}\ProxyStubClsid32\(Default)","SUCCESS","Type: REG_SZ, Length: 78, Data: {95E15D0A-66E6-93D9-C53C-76E6219D3341}"
"10:49:07,6287831","Notepad.exe","11516","RegCloseKey","HKCR\Interface\{3E344F25-32F1-4292-A496-7A3B91C195AA}\ProxyStubClsid32","SUCCESS",""
"10:49:07,6288105","Notepad.exe","11516","RegCloseKey","HKCR\Interface\{3E344F25-32F1-4292-A496-7A3B91C195AA}","SUCCESS",""
"10:49:07,6700905","Notepad.exe","11516","RegQueryKey","\REGISTRY\WC\Silo480a25d5-cec8-60cc-d5df-02e80f443476user_classes","SUCCESS","Query: Name"
"10:49:07,6701300","Notepad.exe","11516","RegQueryKey","\REGISTRY\WC\Silo480a25d5-cec8-60cc-d5df-02e80f443476user_classes","SUCCESS","Query: HandleTags, HandleTags: 0x0"
"10:49:07,6701537","Notepad.exe","11516","RegQueryKey","\REGISTRY\WC\Silo480a25d5-cec8-60cc-d5df-02e80f443476user_classes","SUCCESS","Query: HandleTags, HandleTags: 0x0"
"10:49:07,6701798","Notepad.exe","11516","RegOpenKey","\REGISTRY\WC\Silo480a25d5-cec8-60cc-d5df-02e80f443476user_classes\Interface\{8B98AEA9-64F0-5672-B30E-DFD9C2E4F6FE}","NAME NOT FOUND","Desired Access: Read"
"10:49:07,6702355","Notepad.exe","11516","RegOpenKey","HKCR\Interface\{8B98AEA9-64F0-5672-B30E-DFD9C2E4F6FE}","REPARSE GLOBAL","Desired Access: Read"
"10:49:07,6702878","Notepad.exe","11516","RegOpenKey","HKCR\Interface\{8B98AEA9-64F0-5672-B30E-DFD9C2E4F6FE}","SUCCESS","Desired Access: Read"
"10:49:07,6703181","Notepad.exe","11516","RegQueryKey","HKCR\Interface\{8B98AEA9-64F0-5672-B30E-DFD9C2E4F6FE}","SUCCESS","Query: Name"
"10:49:07,6703436","Notepad.exe","11516","RegQueryKey","HKCR\Interface\{8B98AEA9-64F0-5672-B30E-DFD9C2E4F6FE}","SUCCESS","Query: HandleTags, HandleTags: 0x0"
"10:49:07,6703714","Notepad.exe","11516","RegOpenKey","HKCU\Software\Classes\Interface\{8B98AEA9-64F0-5672-B30E-DFD9C2E4F6FE}\ProxyStubClsid32","NAME NOT FOUND","Desired Access: Read"
"10:49:07,6704059","Notepad.exe","11516","RegQueryKey","HKCR\Interface\{8B98AEA9-64F0-5672-B30E-DFD9C2E4F6FE}","SUCCESS","Query: HandleTags, HandleTags: 0x0"
"10:49:07,6704273","Notepad.exe","11516","RegOpenKey","HKCR\Interface\{8B98AEA9-64F0-5672-B30E-DFD9C2E4F6FE}\ProxyStubClsid32","SUCCESS","Desired Access: Read"
"10:49:07,6704543","Notepad.exe","11516","RegQueryKey","HKCR\Interface\{8B98AEA9-64F0-5672-B30E-DFD9C2E4F6FE}\ProxyStubClsid32","SUCCESS","Query: Name"
"10:49:07,6704793","Notepad.exe","11516","RegQueryKey","HKCR\Interface\{8B98AEA9-64F0-5672-B30E-DFD9C2E4F6FE}\ProxyStubClsid32","SUCCESS","Query: HandleTags, HandleTags: 0x0"
"10:49:07,6705056","Notepad.exe","11516","RegOpenKey","HKCU\Software\Classes\Interface\{8B98AEA9-64F0-5672-B30E-DFD9C2E4F6FE}\ProxyStubClsid32","NAME NOT FOUND","Desired Access: Maximum Allowed"
"10:49:07,6705376","Notepad.exe","11516","RegQueryValue","HKCR\Interface\{8B98AEA9-64F0-5672-B30E-DFD9C2E4F6FE}\ProxyStubClsid32\(Default)","SUCCESS","Type: REG_SZ, Length: 78, Data: {95E15D0A-66E6-93D9-C53C-76E6219D3341}"
"10:49:07,6705638","Notepad.exe","11516","RegCloseKey","HKCR\Interface\{8B98AEA9-64F0-5672-B30E-DFD9C2E4F6FE}\ProxyStubClsid32","SUCCESS",""
"10:49:07,6705905","Notepad.exe","11516","RegCloseKey","HKCR\Interface\{8B98AEA9-64F0-5672-B30E-DFD9C2E4F6FE}","SUCCESS",""
"10:49:07,6714239","Notepad.exe","11516","RegQueryKey","\REGISTRY\WC\Silo480a25d5-cec8-60cc-d5df-02e80f443476user_classes","SUCCESS","Query: Name"
"10:49:07,6714602","Notepad.exe","11516","RegQueryKey","\REGISTRY\WC\Silo480a25d5-cec8-60cc-d5df-02e80f443476user_classes","SUCCESS","Query: HandleTags, HandleTags: 0x0"
"10:49:07,6714852","Notepad.exe","11516","RegQueryKey","\REGISTRY\WC\Silo480a25d5-cec8-60cc-d5df-02e80f443476user_classes","SUCCESS","Query: HandleTags, HandleTags: 0x0"
"10:49:07,6715106","Notepad.exe","11516","RegOpenKey","\REGISTRY\WC\Silo480a25d5-cec8-60cc-d5df-02e80f443476user_classes\Interface\{00000036-0000-0000-C000-000000000046}","NAME NOT FOUND","Desired Access: Read"
"10:49:07,6715576","Notepad.exe","11516","RegOpenKey","HKCR\Interface\{00000036-0000-0000-C000-000000000046}","REPARSE GLOBAL","Desired Access: Read"
"10:49:07,6716541","Notepad.exe","11516","RegOpenKey","HKCR\Interface\{00000036-0000-0000-C000-000000000046}","SUCCESS","Desired Access: Read"
"10:49:07,6716955","Notepad.exe","11516","RegQueryKey","HKCR\Interface\{00000036-0000-0000-C000-000000000046}","SUCCESS","Query: Name"
"10:49:07,6717182","Notepad.exe","11516","RegQueryKey","HKCR\Interface\{00000036-0000-0000-C000-000000000046}","SUCCESS","Query: HandleTags, HandleTags: 0x0"
"10:49:07,6717408","Notepad.exe","11516","RegOpenKey","HKCU\Software\Classes\Interface\{00000036-0000-0000-C000-000000000046}\ProxyStubClsid32","NAME NOT FOUND","Desired Access: Read"
"10:49:07,6717798","Notepad.exe","11516","RegQueryKey","HKCR\Interface\{00000036-0000-0000-C000-000000000046}","SUCCESS","Query: HandleTags, HandleTags: 0x0"
"10:49:07,6717976","Notepad.exe","11516","RegOpenKey","HKCR\Interface\{00000036-0000-0000-C000-000000000046}\ProxyStubClsid32","SUCCESS","Desired Access: Read"
"10:49:07,6718188","Notepad.exe","11516","RegQueryKey","HKCR\Interface\{00000036-0000-0000-C000-000000000046}\ProxyStubClsid32","SUCCESS","Query: Name"
"10:49:07,6718411","Notepad.exe","11516","RegQueryKey","HKCR\Interface\{00000036-0000-0000-C000-000000000046}\ProxyStubClsid32","SUCCESS","Query: HandleTags, HandleTags: 0x0"
"10:49:07,6718615","Notepad.exe","11516","RegOpenKey","HKCU\Software\Classes\Interface\{00000036-0000-0000-C000-000000000046}\ProxyStubClsid32","NAME NOT FOUND","Desired Access: Maximum Allowed"
"10:49:07,6718880","Notepad.exe","11516","RegQueryValue","HKCR\Interface\{00000036-0000-0000-C000-000000000046}\ProxyStubClsid32\(Default)","SUCCESS","Type: REG_SZ, Length: 78, Data: {00000320-0000-0000-C000-000000000046}"
"10:49:07,6719098","Notepad.exe","11516","RegCloseKey","HKCR\Interface\{00000036-0000-0000-C000-000000000046}\ProxyStubClsid32","SUCCESS",""
"10:49:07,6719284","Notepad.exe","11516","RegCloseKey","HKCR\Interface\{00000036-0000-0000-C000-000000000046}","SUCCESS",""
"10:49:07,6720420","Notepad.exe","11516","RegQueryKey","\REGISTRY\WC\Silo480a25d5-cec8-60cc-d5df-02e80f443476user_classes","SUCCESS","Query: Name"
"10:49:07,6720969","Notepad.exe","11516","RegQueryKey","\REGISTRY\WC\Silo480a25d5-cec8-60cc-d5df-02e80f443476user_classes","SUCCESS","Query: HandleTags, HandleTags: 0x0"
"10:49:07,6721106","Notepad.exe","11516","RegQueryKey","\REGISTRY\WC\Silo480a25d5-cec8-60cc-d5df-02e80f443476user_classes","SUCCESS","Query: HandleTags, HandleTags: 0x0"
"10:49:07,6721291","Notepad.exe","11516","RegOpenKey","\REGISTRY\WC\Silo480a25d5-cec8-60cc-d5df-02e80f443476user_classes\Interface\{CC06DE4F-6DB0-4E62-AB1B-A74A02DC6D85}","NAME NOT FOUND","Desired Access: Read"
"10:49:07,6721667","Notepad.exe","11516","RegOpenKey","HKCR\Interface\{CC06DE4F-6DB0-4E62-AB1B-A74A02DC6D85}","REPARSE GLOBAL","Desired Access: Read"
"10:49:07,6722114","Notepad.exe","11516","RegOpenKey","HKCR\Interface\{CC06DE4F-6DB0-4E62-AB1B-A74A02DC6D85}","SUCCESS","Desired Access: Read"
"10:49:07,6722319","Notepad.exe","11516","RegQueryKey","HKCR\Interface\{CC06DE4F-6DB0-4E62-AB1B-A74A02DC6D85}","SUCCESS","Query: Name"
"10:49:07,6722432","Notepad.exe","11516","RegQueryKey","HKCR\Interface\{CC06DE4F-6DB0-4E62-AB1B-A74A02DC6D85}","SUCCESS","Query: HandleTags, HandleTags: 0x0"
"10:49:07,6722552","Notepad.exe","11516","RegOpenKey","HKCU\Software\Classes\Interface\{CC06DE4F-6DB0-4E62-AB1B-A74A02DC6D85}\ProxyStubClsid32","NAME NOT FOUND","Desired Access: Read"
"10:49:07,6722728","Notepad.exe","11516","RegQueryKey","HKCR\Interface\{CC06DE4F-6DB0-4E62-AB1B-A74A02DC6D85}","SUCCESS","Query: HandleTags, HandleTags: 0x0"
"10:49:07,6722816","Notepad.exe","11516","RegOpenKey","HKCR\Interface\{CC06DE4F-6DB0-4E62-AB1B-A74A02DC6D85}\ProxyStubClsid32","SUCCESS","Desired Access: Read"
"10:49:07,6722971","Notepad.exe","11516","RegQueryKey","HKCR\Interface\{CC06DE4F-6DB0-4E62-AB1B-A74A02DC6D85}\ProxyStubClsid32","SUCCESS","Query: Name"
"10:49:07,6723071","Notepad.exe","11516","RegQueryKey","HKCR\Interface\{CC06DE4F-6DB0-4E62-AB1B-A74A02DC6D85}\ProxyStubClsid32","SUCCESS","Query: HandleTags, HandleTags: 0x0"
"10:49:07,6723174","Notepad.exe","11516","RegOpenKey","HKCU\Software\Classes\Interface\{CC06DE4F-6DB0-4E62-AB1B-A74A02DC6D85}\ProxyStubClsid32","NAME NOT FOUND","Desired Access: Maximum Allowed"
"10:49:07,6723341","Notepad.exe","11516","RegQueryValue","HKCR\Interface\{CC06DE4F-6DB0-4E62-AB1B-A74A02DC6D85}\ProxyStubClsid32\(Default)","SUCCESS","Type: REG_SZ, Length: 78, Data: {95E15D0A-66E6-93D9-C53C-76E6219D3341}"
"10:49:07,6723484","Notepad.exe","11516","RegCloseKey","HKCR\Interface\{CC06DE4F-6DB0-4E62-AB1B-A74A02DC6D85}\ProxyStubClsid32","SUCCESS",""
"10:49:07,6723652","Notepad.exe","11516","RegCloseKey","HKCR\Interface\{CC06DE4F-6DB0-4E62-AB1B-A74A02DC6D85}","SUCCESS",""
"10:49:07,6728204","Notepad.exe","11516","RegQueryKey","\REGISTRY\WC\Silo480a25d5-cec8-60cc-d5df-02e80f443476user_classes","SUCCESS","Query: Name"
"10:49:07,6728422","Notepad.exe","11516","RegQueryKey","\REGISTRY\WC\Silo480a25d5-cec8-60cc-d5df-02e80f443476user_classes","SUCCESS","Query: HandleTags, HandleTags: 0x0"
"10:49:07,6728554","Notepad.exe","11516","RegQueryKey","\REGISTRY\WC\Silo480a25d5-cec8-60cc-d5df-02e80f443476user_classes","SUCCESS","Query: HandleTags, HandleTags: 0x0"
"10:49:07,6728728","Notepad.exe","11516","RegOpenKey","\REGISTRY\WC\Silo480a25d5-cec8-60cc-d5df-02e80f443476user_classes\Interface\{A8996FDB-5DD0-4CDC-BC77-9DA61D2174DF}","NAME NOT FOUND","Desired Access: Read"
"10:49:07,6729065","Notepad.exe","11516","RegOpenKey","HKCR\Interface\{A8996FDB-5DD0-4CDC-BC77-9DA61D2174DF}","REPARSE GLOBAL","Desired Access: Read"
"10:49:07,6729412","Notepad.exe","11516","RegOpenKey","HKCR\Interface\{A8996FDB-5DD0-4CDC-BC77-9DA61D2174DF}","SUCCESS","Desired Access: Read"
"10:49:07,6729566","Notepad.exe","11516","RegQueryKey","HKCR\Interface\{A8996FDB-5DD0-4CDC-BC77-9DA61D2174DF}","SUCCESS","Query: Name"
"10:49:07,6729839","Notepad.exe","11516","RegQueryKey","HKCR\Interface\{A8996FDB-5DD0-4CDC-BC77-9DA61D2174DF}","SUCCESS","Query: HandleTags, HandleTags: 0x0"
"10:49:07,6730016","Notepad.exe","11516","RegOpenKey","HKCU\Software\Classes\Interface\{A8996FDB-5DD0-4CDC-BC77-9DA61D2174DF}\ProxyStubClsid32","NAME NOT FOUND","Desired Access: Read"
"10:49:07,6730243","Notepad.exe","11516","RegQueryKey","HKCR\Interface\{A8996FDB-5DD0-4CDC-BC77-9DA61D2174DF}","SUCCESS","Query: HandleTags, HandleTags: 0x0"
"10:49:07,6730382","Notepad.exe","11516","RegOpenKey","HKCR\Interface\{A8996FDB-5DD0-4CDC-BC77-9DA61D2174DF}\ProxyStubClsid32","SUCCESS","Desired Access: Read"
"10:49:07,6730596","Notepad.exe","11516","RegQueryKey","HKCR\Interface\{A8996FDB-5DD0-4CDC-BC77-9DA61D2174DF}\ProxyStubClsid32","SUCCESS","Query: Name"
"10:49:07,6730739","Notepad.exe","11516","RegQueryKey","HKCR\Interface\{A8996FDB-5DD0-4CDC-BC77-9DA61D2174DF}\ProxyStubClsid32","SUCCESS","Query: HandleTags, HandleTags: 0x0"
"10:49:07,6730897","Notepad.exe","11516","RegOpenKey","HKCU\Software\Classes\Interface\{A8996FDB-5DD0-4CDC-BC77-9DA61D2174DF}\ProxyStubClsid32","NAME NOT FOUND","Desired Access: Maximum Allowed"
"10:49:07,6731143","Notepad.exe","11516","RegQueryValue","HKCR\Interface\{A8996FDB-5DD0-4CDC-BC77-9DA61D2174DF}\ProxyStubClsid32\(Default)","SUCCESS","Type: REG_SZ, Length: 78, Data: {95E15D0A-66E6-93D9-C53C-76E6219D3341}"
"10:49:07,6731353","Notepad.exe","11516","RegCloseKey","HKCR\Interface\{A8996FDB-5DD0-4CDC-BC77-9DA61D2174DF}\ProxyStubClsid32","SUCCESS",""
"10:49:07,6731776","Notepad.exe","11516","RegCloseKey","HKCR\Interface\{A8996FDB-5DD0-4CDC-BC77-9DA61D2174DF}","SUCCESS",""
"10:49:07,6802379","Notepad.exe","11516","LockFile","C:\Users\arina\AppData\LocalLow\dbb17a6be212ef685ba97fbba526dd2acf51c2e342e255cd4905a3ef0d0cc239","SUCCESS","Exclusive: True, Offset: 0, Length: 4 294 967 295, Fail Immediately: False"
"10:49:07,6802627","Notepad.exe","11516","QueryBasicInformationFile","C:\Users\arina\AppData\LocalLow\dbb17a6be212ef685ba97fbba526dd2acf51c2e342e255cd4905a3ef0d0cc239","SUCCESS","CreationTime: 13.08.2025 21:25:10, LastAccessTime: 06.06.2026 15:19:55, LastWriteTime: 06.06.2026 15:19:55, ChangeTime: 25.09.2026 21:07:42, FileAttributes: ANCI"
"10:49:07,6802831","Notepad.exe","11516","UnlockFileSingle","C:\Users\arina\AppData\LocalLow\dbb17a6be212ef685ba97fbba526dd2acf51c2e342e255cd4905a3ef0d0cc239","SUCCESS","Offset: 0, Length: 4 294 967 295"
"10:49:07,6804723","Notepad.exe","11516","LockFile","C:\Users\arina\AppData\LocalLow\dbb17a6be212ef685ba97fbba526dd2acf51c2e342e255cd4905a3ef0d0cc239","SUCCESS","Exclusive: True, Offset: 0, Length: 4 294 967 295, Fail Immediately: False"
"10:49:07,6804922","Notepad.exe","11516","QueryBasicInformationFile","C:\Users\arina\AppData\LocalLow\dbb17a6be212ef685ba97fbba526dd2acf51c2e342e255cd4905a3ef0d0cc239","SUCCESS","CreationTime: 13.08.2025 21:25:10, LastAccessTime: 06.06.2026 15:19:55, LastWriteTime: 06.06.2026 15:19:55, ChangeTime: 25.09.2026 21:07:42, FileAttributes: ANCI"
"10:49:07,6805118","Notepad.exe","11516","UnlockFileSingle","C:\Users\arina\AppData\LocalLow\dbb17a6be212ef685ba97fbba526dd2acf51c2e342e255cd4905a3ef0d0cc239","SUCCESS","Offset: 0, Length: 4 294 967 295"
"10:49:07,6970537","Notepad.exe","11516","LockFile","C:\Users\arina\AppData\LocalLow\dbb17a6be212ef685ba97fbba526dd2acf51c2e342e255cd4905a3ef0d0cc239","SUCCESS","Exclusive: True, Offset: 0, Length: 4 294 967 295, Fail Immediately: False"
"10:49:07,6971008","Notepad.exe","11516","QueryBasicInformationFile","C:\Users\arina\AppData\LocalLow\dbb17a6be212ef685ba97fbba526dd2acf51c2e342e255cd4905a3ef0d0cc239","SUCCESS","CreationTime: 13.08.2025 21:25:10, LastAccessTime: 06.06.2026 15:19:55, LastWriteTime: 06.06.2026 15:19:55, ChangeTime: 25.09.2026 21:07:42, FileAttributes: ANCI"
"10:49:07,6971215","Notepad.exe","11516","UnlockFileSingle","C:\Users\arina\AppData\LocalLow\dbb17a6be212ef685ba97fbba526dd2acf51c2e342e255cd4905a3ef0d0cc239","SUCCESS","Offset: 0, Length: 4 294 967 295"
"10:49:07,6973211","Notepad.exe","11516","LockFile","C:\Users\arina\AppData\LocalLow\dbb17a6be212ef685ba97fbba526dd2acf51c2e342e255cd4905a3ef0d0cc239","SUCCESS","Exclusive: True, Offset: 0, Length: 4 294 967 295, Fail Immediately: False"
"10:49:07,6973365","Notepad.exe","11516","QueryBasicInformationFile","C:\Users\arina\AppData\LocalLow\dbb17a6be212ef685ba97fbba526dd2acf51c2e342e255cd4905a3ef0d0cc239","SUCCESS","CreationTime: 13.08.2025 21:25:10, LastAccessTime: 06.06.2026 15:19:55, LastWriteTime: 06.06.2026 15:19:55, ChangeTime: 25.09.2026 21:07:42, FileAttributes: ANCI"
"10:49:07,6973501","Notepad.exe","11516","UnlockFileSingle","C:\Users\arina\AppData\LocalLow\dbb17a6be212ef685ba97fbba526dd2acf51c2e342e255cd4905a3ef0d0cc239","SUCCESS","Offset: 0, Length: 4 294 967 295"
"10:49:07,7125654","Notepad.exe","11516","LockFile","C:\Users\arina\AppData\LocalLow\dbb17a6be212ef685ba97fbba526dd2acf51c2e342e255cd4905a3ef0d0cc239","SUCCESS","Exclusive: True, Offset: 0, Length: 4 294 967 295, Fail Immediately: False"
"10:49:07,7125867","Notepad.exe","11516","QueryBasicInformationFile","C:\Users\arina\AppData\LocalLow\dbb17a6be212ef685ba97fbba526dd2acf51c2e342e255cd4905a3ef0d0cc239","SUCCESS","CreationTime: 13.08.2025 21:25:10, LastAccessTime: 06.06.2026 15:19:55, LastWriteTime: 06.06.2026 15:19:55, ChangeTime: 25.09.2026 21:07:42, FileAttributes: ANCI"
"10:49:07,7126075","Notepad.exe","11516","UnlockFileSingle","C:\Users\arina\AppData\LocalLow\dbb17a6be212ef685ba97fbba526dd2acf51c2e342e255cd4905a3ef0d0cc239","SUCCESS","Offset: 0, Length: 4 294 967 295"
"10:49:07,7289470","Notepad.exe","11516","LockFile","C:\Users\arina\AppData\LocalLow\dbb17a6be212ef685ba97fbba526dd2acf51c2e342e255cd4905a3ef0d0cc239","SUCCESS","Exclusive: True, Offset: 0, Length: 4 294 967 295, Fail Immediately: False"
"10:49:07,7289721","Notepad.exe","11516","QueryBasicInformationFile","C:\Users\arina\AppData\LocalLow\dbb17a6be212ef685ba97fbba526dd2acf51c2e342e255cd4905a3ef0d0cc239","SUCCESS","CreationTime: 13.08.2025 21:25:10, LastAccessTime: 06.06.2026 15:19:55, LastWriteTime: 06.06.2026 15:19:55, ChangeTime: 25.09.2026 21:07:42, FileAttributes: ANCI"
"10:49:07,7289937","Notepad.exe","11516","UnlockFileSingle","C:\Users\arina\AppData\LocalLow\dbb17a6be212ef685ba97fbba526dd2acf51c2e342e255cd4905a3ef0d0cc239","SUCCESS","Offset: 0, Length: 4 294 967 295"
"10:49:07,7457355","Notepad.exe","11516","LockFile","C:\Users\arina\AppData\LocalLow\dbb17a6be212ef685ba97fbba526dd2acf51c2e342e255cd4905a3ef0d0cc239","SUCCESS","Exclusive: True, Offset: 0, Length: 4 294 967 295, Fail Immediately: False"
"10:49:07,7457568","Notepad.exe","11516","QueryBasicInformationFile","C:\Users\arina\AppData\LocalLow\dbb17a6be212ef685ba97fbba526dd2acf51c2e342e255cd4905a3ef0d0cc239","SUCCESS","CreationTime: 13.08.2025 21:25:10, LastAccessTime: 06.06.2026 15:19:55, LastWriteTime: 06.06.2026 15:19:55, ChangeTime: 25.09.2026 21:07:42, FileAttributes: ANCI"
"10:49:07,7457767","Notepad.exe","11516","UnlockFileSingle","C:\Users\arina\AppData\LocalLow\dbb17a6be212ef685ba97fbba526dd2acf51c2e342e255cd4905a3ef0d0cc239","SUCCESS","Offset: 0, Length: 4 294 967 295"
"10:49:07,7534859","Notepad.exe","11516","RegQueryKey","\REGISTRY\WC\Silo480a25d5-cec8-60cc-d5df-02e80f443476user_classes","SUCCESS","Query: Name"
"10:49:07,7535185","Notepad.exe","11516","RegQueryKey","\REGISTRY\WC\Silo480a25d5-cec8-60cc-d5df-02e80f443476user_classes","SUCCESS","Query: HandleTags, HandleTags: 0x0"
"10:49:07,7535319","Notepad.exe","11516","RegQueryKey","\REGISTRY\WC\Silo480a25d5-cec8-60cc-d5df-02e80f443476user_classes","SUCCESS","Query: HandleTags, HandleTags: 0x0"
"10:49:07,7535493","Notepad.exe","11516","RegOpenKey","\REGISTRY\WC\Silo480a25d5-cec8-60cc-d5df-02e80f443476user_classes\Interface\{9C19E0BC-7D95-426D-A994-5AEC39D45A90}","NAME NOT FOUND","Desired Access: Read"
"10:49:07,7535932","Notepad.exe","11516","RegOpenKey","HKCR\Interface\{9C19E0BC-7D95-426D-A994-5AEC39D45A90}","REPARSE GLOBAL","Desired Access: Read"
"10:49:07,7536294","Notepad.exe","11516","RegOpenKey","HKCR\Interface\{9C19E0BC-7D95-426D-A994-5AEC39D45A90}","SUCCESS","Desired Access: Read"
"10:49:07,7536547","Notepad.exe","11516","RegQueryKey","HKCR\Interface\{9C19E0BC-7D95-426D-A994-5AEC39D45A90}","SUCCESS","Query: Name"
"10:49:07,7536836","Notepad.exe","11516","RegQueryKey","HKCR\Interface\{9C19E0BC-7D95-426D-A994-5AEC39D45A90}","SUCCESS","Query: HandleTags, HandleTags: 0x0"
"10:49:07,7537116","Notepad.exe","11516","RegOpenKey","HKCU\Software\Classes\Interface\{9C19E0BC-7D95-426D-A994-5AEC39D45A90}\ProxyStubClsid32","NAME NOT FOUND","Desired Access: Read"
"10:49:07,7537556","Notepad.exe","11516","RegQueryKey","HKCR\Interface\{9C19E0BC-7D95-426D-A994-5AEC39D45A90}","SUCCESS","Query: HandleTags, HandleTags: 0x0"
"10:49:07,7537660","Notepad.exe","11516","RegOpenKey","HKCR\Interface\{9C19E0BC-7D95-426D-A994-5AEC39D45A90}\ProxyStubClsid32","SUCCESS","Desired Access: Read"
"10:49:07,7537830","Notepad.exe","11516","RegQueryKey","HKCR\Interface\{9C19E0BC-7D95-426D-A994-5AEC39D45A90}\ProxyStubClsid32","SUCCESS","Query: Name"
"10:49:07,7537967","Notepad.exe","11516","RegQueryKey","HKCR\Interface\{9C19E0BC-7D95-426D-A994-5AEC39D45A90}\ProxyStubClsid32","SUCCESS","Query: HandleTags, HandleTags: 0x0"
"10:49:07,7538074","Notepad.exe","11516","RegOpenKey","HKCU\Software\Classes\Interface\{9C19E0BC-7D95-426D-A994-5AEC39D45A90}\ProxyStubClsid32","NAME NOT FOUND","Desired Access: Maximum Allowed"
"10:49:07,7538265","Notepad.exe","11516","RegQueryValue","HKCR\Interface\{9C19E0BC-7D95-426D-A994-5AEC39D45A90}\ProxyStubClsid32\(Default)","SUCCESS","Type: REG_SZ, Length: 78, Data: {95E15D0A-66E6-93D9-C53C-76E6219D3341}"
"10:49:07,7538419","Notepad.exe","11516","RegCloseKey","HKCR\Interface\{9C19E0BC-7D95-426D-A994-5AEC39D45A90}\ProxyStubClsid32","SUCCESS",""
"10:49:07,7538515","Notepad.exe","11516","RegCloseKey","HKCR\Interface\{9C19E0BC-7D95-426D-A994-5AEC39D45A90}","SUCCESS",""
"10:49:07,7541097","Notepad.exe","11516","RegOpenKey","HKLM\SOFTWARE\Microsoft\WindowsRuntime\ActivatableClassId\Windows.ApplicationModel.DataTransfer.StandardDataFormats","SUCCESS","Desired Access: Read"
"10:49:07,7541336","Notepad.exe","11516","RegQueryKey","HKLM\SOFTWARE\Microsoft\WindowsRuntime\ActivatableClassId\Windows.ApplicationModel.DataTransfer.StandardDataFormats","SUCCESS","Query: Basic, Name: Windows.ApplicationModel.DataTransfer.StandardDataFormats"
"10:49:07,7541482","Notepad.exe","11516","RegQueryValue","HKLM\SOFTWARE\Microsoft\WindowsRuntime\ActivatableClassId\Windows.ApplicationModel.DataTransfer.StandardDataFormats\ActivationType","SUCCESS","Type: REG_DWORD, Length: 4, Data: 0"
"10:49:07,7541592","Notepad.exe","11516","RegQueryValue","HKLM\SOFTWARE\Microsoft\WindowsRuntime\ActivatableClassId\Windows.ApplicationModel.DataTransfer.StandardDataFormats\Server","NAME NOT FOUND","Length: 144"
"10:49:07,7541682","Notepad.exe","11516","RegQueryValue","HKLM\SOFTWARE\Microsoft\WindowsRuntime\ActivatableClassId\Windows.ApplicationModel.DataTransfer.StandardDataFormats\DllPath","SUCCESS","Type: REG_SZ, Length: 124, Data: C:\Windows\System32\windows.applicationmodel.datatransfer.dll"
"10:49:07,7541775","Notepad.exe","11516","RegQueryValue","HKLM\SOFTWARE\Microsoft\WindowsRuntime\ActivatableClassId\Windows.ApplicationModel.DataTransfer.StandardDataFormats\Threading","SUCCESS","Type: REG_DWORD, Length: 4, Data: 0"
"10:49:07,7541860","Notepad.exe","11516","RegQueryValue","HKLM\SOFTWARE\Microsoft\WindowsRuntime\ActivatableClassId\Windows.ApplicationModel.DataTransfer.StandardDataFormats\TrustLevel","SUCCESS","Type: REG_DWORD, Length: 4, Data: 0"
"10:49:07,7541951","Notepad.exe","11516","RegQueryKey","HKLM\SOFTWARE\Microsoft\WindowsRuntime\ActivatableClassId\Windows.ApplicationModel.DataTransfer.StandardDataFormats","SUCCESS","Query: HandleTags, HandleTags: 0x0"
"10:49:07,7542078","Notepad.exe","11516","RegOpenKey","HKLM\SOFTWARE\Microsoft\WindowsRuntime\ActivatableClassId\Windows.ApplicationModel.DataTransfer.StandardDataFormats\CustomAttributes","NAME NOT FOUND","Desired Access: Read"
"10:49:07,7542204","Notepad.exe","11516","RegQueryKey","HKLM\SOFTWARE\Microsoft\WindowsRuntime\ActivatableClassId\Windows.ApplicationModel.DataTransfer.StandardDataFormats","BUFFER OVERFLOW","Query: Name, Length: 256"
"10:49:07,7542308","Notepad.exe","11516","RegQueryKey","HKLM\SOFTWARE\Microsoft\WindowsRuntime\ActivatableClassId\Windows.ApplicationModel.DataTransfer.StandardDataFormats","SUCCESS","Query: Name"
"10:49:07,7542423","Notepad.exe","11516","RegQueryValue","HKLM\SOFTWARE\Microsoft\WindowsRuntime\ActivatableClassId\Windows.ApplicationModel.DataTransfer.StandardDataFormats\RemoteServer","NAME NOT FOUND","Length: 144"
"10:49:07,7542506","Notepad.exe","11516","RegQueryValue","HKLM\SOFTWARE\Microsoft\WindowsRuntime\ActivatableClassId\Windows.ApplicationModel.DataTransfer.StandardDataFormats\ActivateAsUser","NAME NOT FOUND","Length: 16"
"10:49:07,7542589","Notepad.exe","11516","RegQueryValue","HKLM\SOFTWARE\Microsoft\WindowsRuntime\ActivatableClassId\Windows.ApplicationModel.DataTransfer.StandardDataFormats\ActivateInSharedBroker","NAME NOT FOUND","Length: 16"
"10:49:07,7542676","Notepad.exe","11516","RegQueryValue","HKLM\SOFTWARE\Microsoft\WindowsRuntime\ActivatableClassId\Windows.ApplicationModel.DataTransfer.StandardDataFormats\ActivateInBrokerForMediumILContainer","NAME NOT FOUND","Length: 16"
"10:49:07,7542763","Notepad.exe","11516","RegQueryValue","HKLM\SOFTWARE\Microsoft\WindowsRuntime\ActivatableClassId\Windows.ApplicationModel.DataTransfer.StandardDataFormats\Permissions","NAME NOT FOUND","Length: 140"
"10:49:07,7542848","Notepad.exe","11516","RegQueryValue","HKLM\SOFTWARE\Microsoft\WindowsRuntime\ActivatableClassId\Windows.ApplicationModel.DataTransfer.StandardDataFormats\ActivateOnHostFlags","NAME NOT FOUND","Length: 16"
"10:49:07,7543130","Notepad.exe","11516","RegCloseKey","HKLM\SOFTWARE\Microsoft\WindowsRuntime\ActivatableClassId\Windows.ApplicationModel.DataTransfer.StandardDataFormats","SUCCESS",""
"10:49:07,7545410","Notepad.exe","11516","CreateFile","C:\Windows\SystemResources\DataExchange.dll.mun","SUCCESS","Desired Access: Read Data/List Directory, Synchronize, Disposition: Open, Options: Synchronous IO Non-Alert, Non-Directory File, Attributes: n/a, ShareMode: Read, Delete, AllocationSize: n/a, OpenResult: Opened"
"10:49:07,7545904","Notepad.exe","11516","CreateFileMapping","C:\Windows\SystemResources\DataExchange.dll.mun","FILE LOCKED WITH ONLY READERS","SyncType: SyncTypeCreateSection, PageProtection: PAGE_READONLY"
"10:49:07,7546025","Notepad.exe","11516","QueryStandardInformationFile","C:\Windows\SystemResources\DataExchange.dll.mun","SUCCESS","AllocationSize: 122 880, EndOfFile: 121 344, NumberOfLinks: 4, DeletePending: False, Directory: False"
"10:49:07,7546256","Notepad.exe","11516","CreateFileMapping","C:\Windows\SystemResources\DataExchange.dll.mun","SUCCESS","SyncType: SyncTypeOther"
"10:49:07,7546889","Notepad.exe","11516","RegQueryKey","\REGISTRY\WC\Silo480a25d5-cec8-60cc-d5df-02e80f443476user_classes","SUCCESS","Query: Name"
"10:49:07,7547065","Notepad.exe","11516","RegQueryKey","\REGISTRY\WC\Silo480a25d5-cec8-60cc-d5df-02e80f443476user_classes","SUCCESS","Query: HandleTags, HandleTags: 0x0"
"10:49:07,7547211","Notepad.exe","11516","RegQueryKey","\REGISTRY\WC\Silo480a25d5-cec8-60cc-d5df-02e80f443476user_classes","SUCCESS","Query: HandleTags, HandleTags: 0x0"
"10:49:07,7547332","Notepad.exe","11516","RegOpenKey","\REGISTRY\WC\Silo480a25d5-cec8-60cc-d5df-02e80f443476user_classes\CLSID\{317D06E8-5F24-433D-BDF7-79CE68D8ABC2}","NAME NOT FOUND","Desired Access: Read"
"10:49:07,7547675","Notepad.exe","11516","RegOpenKey","HKCR\CLSID\{317D06E8-5F24-433D-BDF7-79CE68D8ABC2}","REPARSE GLOBAL","Desired Access: Read"
"10:49:07,7547995","Notepad.exe","11516","RegOpenKey","HKCR\CLSID\{317D06E8-5F24-433D-BDF7-79CE68D8ABC2}","SUCCESS","Desired Access: Read"
"10:49:07,7548155","Notepad.exe","11516","RegQueryKey","HKCR\CLSID\{317D06E8-5F24-433D-BDF7-79CE68D8ABC2}","SUCCESS","Query: Name"
"10:49:07,7548290","Notepad.exe","11516","RegQueryKey","HKCR\CLSID\{317D06E8-5F24-433D-BDF7-79CE68D8ABC2}","SUCCESS","Query: HandleTags, HandleTags: 0x0"
"10:49:07,7548538","Notepad.exe","11516","RegOpenKey","HKCU\Software\Classes\CLSID\{317D06E8-5F24-433D-BDF7-79CE68D8ABC2}\TreatAs","NAME NOT FOUND","Desired Access: Query Value"
"10:49:07,7548714","Notepad.exe","11516","RegQueryKey","HKCR\CLSID\{317D06E8-5F24-433D-BDF7-79CE68D8ABC2}","SUCCESS","Query: HandleTags, HandleTags: 0x0"
"10:49:07,7548811","Notepad.exe","11516","RegOpenKey","HKCR\CLSID\{317D06E8-5F24-433D-BDF7-79CE68D8ABC2}\TreatAs","NAME NOT FOUND","Desired Access: Query Value"
"10:49:07,7548932","Notepad.exe","11516","RegQueryKey","HKCR\CLSID\{317D06E8-5F24-433D-BDF7-79CE68D8ABC2}","SUCCESS","Query: Name"
"10:49:07,7549034","Notepad.exe","11516","RegQueryKey","HKCR\CLSID\{317D06E8-5F24-433D-BDF7-79CE68D8ABC2}","SUCCESS","Query: Name"
"10:49:07,7549182","Notepad.exe","11516","RegQueryKey","HKCR\CLSID\{317D06E8-5F24-433D-BDF7-79CE68D8ABC2}","SUCCESS","Query: Name"
"10:49:07,7549274","Notepad.exe","11516","RegQueryKey","HKCR\CLSID\{317D06E8-5F24-433D-BDF7-79CE68D8ABC2}","SUCCESS","Query: HandleTags, HandleTags: 0x0"
"10:49:07,7549382","Notepad.exe","11516","RegOpenKey","HKCU\Software\Classes\CLSID\{317D06E8-5F24-433D-BDF7-79CE68D8ABC2}","NAME NOT FOUND","Desired Access: Maximum Allowed"
"10:49:07,7549554","Notepad.exe","11516","RegQueryValue","HKCR\CLSID\{317D06E8-5F24-433D-BDF7-79CE68D8ABC2}\ActivateOnHostFlags","NAME NOT FOUND","Length: 16"
"10:49:07,7549652","Notepad.exe","11516","RegQueryKey","HKCR\CLSID\{317D06E8-5F24-433D-BDF7-79CE68D8ABC2}","SUCCESS","Query: Name"
"10:49:07,7549800","Notepad.exe","11516","RegQueryKey","HKCR\CLSID\{317D06E8-5F24-433D-BDF7-79CE68D8ABC2}","SUCCESS","Query: HandleTags, HandleTags: 0x0"
"10:49:07,7549916","Notepad.exe","11516","RegOpenKey","HKCU\Software\Classes\CLSID\{317D06E8-5F24-433D-BDF7-79CE68D8ABC2}","NAME NOT FOUND","Desired Access: Maximum Allowed"
"10:49:07,7550073","Notepad.exe","11516","RegQueryValue","HKCR\CLSID\{317D06E8-5F24-433D-BDF7-79CE68D8ABC2}\(Default)","NAME NOT FOUND","Length: 12"
"10:49:07,7550161","Notepad.exe","11516","RegQueryKey","HKCR\CLSID\{317D06E8-5F24-433D-BDF7-79CE68D8ABC2}","SUCCESS","Query: Name"
"10:49:07,7550365","Notepad.exe","11516","RegQueryKey","HKCR\CLSID\{317D06E8-5F24-433D-BDF7-79CE68D8ABC2}","SUCCESS","Query: HandleTags, HandleTags: 0x0"
"10:49:07,7550519","Notepad.exe","11516","RegOpenKey","HKCU\Software\Classes\CLSID\{317D06E8-5F24-433D-BDF7-79CE68D8ABC2}\InprocServer32","NAME NOT FOUND","Desired Access: Read"
"10:49:07,7551288","Notepad.exe","11516","RegQueryKey","HKCR\CLSID\{317D06E8-5F24-433D-BDF7-79CE68D8ABC2}","SUCCESS","Query: HandleTags, HandleTags: 0x0"
"10:49:07,7551631","Notepad.exe","11516","RegOpenKey","HKCR\CLSID\{317D06E8-5F24-433D-BDF7-79CE68D8ABC2}\InprocServer32","SUCCESS","Desired Access: Read"
"10:49:07,7551980","Notepad.exe","11516","RegQueryKey","HKCR\CLSID\{317D06E8-5F24-433D-BDF7-79CE68D8ABC2}\InProcServer32","SUCCESS","Query: Name"
"10:49:07,7552122","Notepad.exe","11516","RegQueryKey","HKCR\CLSID\{317D06E8-5F24-433D-BDF7-79CE68D8ABC2}\InProcServer32","SUCCESS","Query: HandleTags, HandleTags: 0x0"
"10:49:07,7552338","Notepad.exe","11516","RegOpenKey","HKCU\Software\Classes\CLSID\{317D06E8-5F24-433D-BDF7-79CE68D8ABC2}\InprocServer32","NAME NOT FOUND","Desired Access: Maximum Allowed"
"10:49:07,7552584","Notepad.exe","11516","RegQueryValue","HKCR\CLSID\{317D06E8-5F24-433D-BDF7-79CE68D8ABC2}\InProcServer32\InprocServer32","NAME NOT FOUND","Length: 12"
"10:49:07,7552690","Notepad.exe","11516","RegQueryKey","HKCR\CLSID\{317D06E8-5F24-433D-BDF7-79CE68D8ABC2}\InProcServer32","SUCCESS","Query: Name"
"10:49:07,7552805","Notepad.exe","11516","RegQueryKey","HKCR\CLSID\{317D06E8-5F24-433D-BDF7-79CE68D8ABC2}\InProcServer32","SUCCESS","Query: HandleTags, HandleTags: 0x0"
"10:49:07,7552965","Notepad.exe","11516","RegOpenKey","HKCU\Software\Classes\CLSID\{317D06E8-5F24-433D-BDF7-79CE68D8ABC2}\InprocServer32","NAME NOT FOUND","Desired Access: Maximum Allowed"
"10:49:07,7553128","Notepad.exe","11516","RegQueryValue","HKCR\CLSID\{317D06E8-5F24-433D-BDF7-79CE68D8ABC2}\InProcServer32\(Default)","BUFFER OVERFLOW","Length: 12"
"10:49:07,7553226","Notepad.exe","11516","RegQueryKey","HKCR\CLSID\{317D06E8-5F24-433D-BDF7-79CE68D8ABC2}\InProcServer32","SUCCESS","Query: Name"
"10:49:07,7553331","Notepad.exe","11516","RegQueryKey","HKCR\CLSID\{317D06E8-5F24-433D-BDF7-79CE68D8ABC2}\InProcServer32","SUCCESS","Query: HandleTags, HandleTags: 0x0"
"10:49:07,7553613","Notepad.exe","11516","RegOpenKey","HKCU\Software\Classes\CLSID\{317D06E8-5F24-433D-BDF7-79CE68D8ABC2}\InprocServer32","NAME NOT FOUND","Desired Access: Maximum Allowed"
"10:49:07,7553765","Notepad.exe","11516","RegQueryValue","HKCR\CLSID\{317D06E8-5F24-433D-BDF7-79CE68D8ABC2}\InProcServer32\(Default)","SUCCESS","Type: REG_SZ, Length: 76, Data: C:\Windows\System32\windowscodecs.dll"
"10:49:07,7553872","Notepad.exe","11516","RegQueryKey","HKCR\CLSID\{317D06E8-5F24-433D-BDF7-79CE68D8ABC2}\InProcServer32","SUCCESS","Query: Name"
"10:49:07,7553964","Notepad.exe","11516","RegQueryKey","HKCR\CLSID\{317D06E8-5F24-433D-BDF7-79CE68D8ABC2}\InProcServer32","SUCCESS","Query: HandleTags, HandleTags: 0x0"
"10:49:07,7554080","Notepad.exe","11516","RegOpenKey","HKCU\Software\Classes\CLSID\{317D06E8-5F24-433D-BDF7-79CE68D8ABC2}\InprocServer32","NAME NOT FOUND","Desired Access: Maximum Allowed"
"10:49:07,7554223","Notepad.exe","11516","RegQueryValue","HKCR\CLSID\{317D06E8-5F24-433D-BDF7-79CE68D8ABC2}\InProcServer32\ThreadingModel","SUCCESS","Type: REG_SZ, Length: 10, Data: Both"
"10:49:07,7554364","Notepad.exe","11516","RegCloseKey","HKCR\CLSID\{317D06E8-5F24-433D-BDF7-79CE68D8ABC2}\InProcServer32","SUCCESS",""
"10:49:07,7554516","Notepad.exe","11516","RegQueryKey","HKCR\CLSID\{317D06E8-5F24-433D-BDF7-79CE68D8ABC2}","SUCCESS","Query: Name"
"10:49:07,7554624","Notepad.exe","11516","RegQueryKey","HKCR\CLSID\{317D06E8-5F24-433D-BDF7-79CE68D8ABC2}","SUCCESS","Query: HandleTags, HandleTags: 0x0"
"10:49:07,7554731","Notepad.exe","11516","RegOpenKey","HKCU\Software\Classes\CLSID\{317D06E8-5F24-433D-BDF7-79CE68D8ABC2}\InprocHandler32","NAME NOT FOUND","Desired Access: Query Value"
"10:49:07,7554880","Notepad.exe","11516","RegQueryKey","HKCR\CLSID\{317D06E8-5F24-433D-BDF7-79CE68D8ABC2}","SUCCESS","Query: HandleTags, HandleTags: 0x0"
"10:49:07,7554974","Notepad.exe","11516","RegOpenKey","HKCR\CLSID\{317D06E8-5F24-433D-BDF7-79CE68D8ABC2}\InprocHandler32","NAME NOT FOUND","Desired Access: Query Value"
"10:49:07,7555087","Notepad.exe","11516","RegQueryKey","HKCR\CLSID\{317D06E8-5F24-433D-BDF7-79CE68D8ABC2}","SUCCESS","Query: Name"
"10:49:07,7555184","Notepad.exe","11516","RegQueryKey","HKCR\CLSID\{317D06E8-5F24-433D-BDF7-79CE68D8ABC2}","SUCCESS","Query: Name"
"10:49:07,7555281","Notepad.exe","11516","RegQueryKey","HKCR\CLSID\{317D06E8-5F24-433D-BDF7-79CE68D8ABC2}","SUCCESS","Query: HandleTags, HandleTags: 0x0"
"10:49:07,7555386","Notepad.exe","11516","RegOpenKey","HKCU\Software\Classes\CLSID\{317D06E8-5F24-433D-BDF7-79CE68D8ABC2}\InprocHandler","NAME NOT FOUND","Desired Access: Query Value"
"10:49:07,7555528","Notepad.exe","11516","RegQueryKey","HKCR\CLSID\{317D06E8-5F24-433D-BDF7-79CE68D8ABC2}","SUCCESS","Query: HandleTags, HandleTags: 0x0"
"10:49:07,7555614","Notepad.exe","11516","RegOpenKey","HKCR\CLSID\{317D06E8-5F24-433D-BDF7-79CE68D8ABC2}\InprocHandler","NAME NOT FOUND","Desired Access: Query Value"
"10:49:07,7555720","Notepad.exe","11516","RegQueryKey","HKCR\CLSID\{317D06E8-5F24-433D-BDF7-79CE68D8ABC2}","SUCCESS","Query: Name"
"10:49:07,7555847","Notepad.exe","11516","RegCloseKey","HKCR\CLSID\{317D06E8-5F24-433D-BDF7-79CE68D8ABC2}","SUCCESS",""
"10:49:07,7556297","Notepad.exe","11516","RegOpenKey","HKCR\PackagedCom\TreatAsClassIndex","NAME NOT FOUND","Desired Access: Read"
"10:49:07,7556515","Notepad.exe","11516","RegOpenKey","HKCR\PackagedCom\ClassIndex\{317D06E8-5F24-433D-BDF7-79CE68D8ABC2}","NAME NOT FOUND","Desired Access: Read"
"10:49:07,7556918","Notepad.exe","11516","RegOpenKey","HKCR\PackagedCom\TreatAsClassIndex","NAME NOT FOUND","Desired Access: Read"
"10:49:07,7557210","Notepad.exe","11516","RegOpenKey","HKCR\PackagedCom\ClassIndex\{317D06E8-5F24-433D-BDF7-79CE68D8ABC2}","NAME NOT FOUND","Desired Access: Read"
"10:49:07,7557871","Notepad.exe","11516","RegQueryKey","\REGISTRY\WC\Silo480a25d5-cec8-60cc-d5df-02e80f443476user_classes","SUCCESS","Query: Name"
"10:49:07,7558125","Notepad.exe","11516","RegQueryKey","\REGISTRY\WC\Silo480a25d5-cec8-60cc-d5df-02e80f443476user_classes","SUCCESS","Query: HandleTags, HandleTags: 0x0"
"10:49:07,7558282","Notepad.exe","11516","RegQueryKey","\REGISTRY\WC\Silo480a25d5-cec8-60cc-d5df-02e80f443476user_classes","SUCCESS","Query: HandleTags, HandleTags: 0x0"
"10:49:07,7558472","Notepad.exe","11516","RegOpenKey","\REGISTRY\WC\Silo480a25d5-cec8-60cc-d5df-02e80f443476user_classes\CLSID\{317D06E8-5F24-433D-BDF7-79CE68D8ABC2}","NAME NOT FOUND","Desired Access: Read"
"10:49:07,7558751","Notepad.exe","11516","RegOpenKey","HKCR\CLSID\{317D06E8-5F24-433D-BDF7-79CE68D8ABC2}","REPARSE GLOBAL","Desired Access: Read"
"10:49:07,7559213","Notepad.exe","11516","RegOpenKey","HKCR\CLSID\{317D06E8-5F24-433D-BDF7-79CE68D8ABC2}","SUCCESS","Desired Access: Read"
"10:49:07,7559448","Notepad.exe","11516","RegQueryKey","HKCR\CLSID\{317D06E8-5F24-433D-BDF7-79CE68D8ABC2}","SUCCESS","Query: Name"
"10:49:07,7559619","Notepad.exe","11516","RegQueryKey","HKCR\CLSID\{317D06E8-5F24-433D-BDF7-79CE68D8ABC2}","SUCCESS","Query: HandleTags, HandleTags: 0x0"
"10:49:07,7559783","Notepad.exe","11516","RegOpenKey","HKCU\Software\Classes\CLSID\{317D06E8-5F24-433D-BDF7-79CE68D8ABC2}\TreatAs","NAME NOT FOUND","Desired Access: Query Value"
"10:49:07,7559990","Notepad.exe","11516","RegQueryKey","HKCR\CLSID\{317D06E8-5F24-433D-BDF7-79CE68D8ABC2}","SUCCESS","Query: HandleTags, HandleTags: 0x0"
"10:49:07,7560090","Notepad.exe","11516","RegOpenKey","HKCR\CLSID\{317D06E8-5F24-433D-BDF7-79CE68D8ABC2}\TreatAs","NAME NOT FOUND","Desired Access: Query Value"
"10:49:07,7560223","Notepad.exe","11516","RegQueryKey","HKCR\CLSID\{317D06E8-5F24-433D-BDF7-79CE68D8ABC2}","SUCCESS","Query: Name"
"10:49:07,7560344","Notepad.exe","11516","RegQueryKey","HKCR\CLSID\{317D06E8-5F24-433D-BDF7-79CE68D8ABC2}","SUCCESS","Query: Name"
"10:49:07,7560499","Notepad.exe","11516","RegQueryKey","HKCR\CLSID\{317D06E8-5F24-433D-BDF7-79CE68D8ABC2}","SUCCESS","Query: Name"
"10:49:07,7560613","Notepad.exe","11516","RegQueryKey","HKCR\CLSID\{317D06E8-5F24-433D-BDF7-79CE68D8ABC2}","SUCCESS","Query: HandleTags, HandleTags: 0x0"
"10:49:07,7560735","Notepad.exe","11516","RegOpenKey","HKCU\Software\Classes\CLSID\{317D06E8-5F24-433D-BDF7-79CE68D8ABC2}","NAME NOT FOUND","Desired Access: Maximum Allowed"
"10:49:07,7560925","Notepad.exe","11516","RegQueryValue","HKCR\CLSID\{317D06E8-5F24-433D-BDF7-79CE68D8ABC2}\ActivateOnHostFlags","NAME NOT FOUND","Length: 16"
"10:49:07,7561034","Notepad.exe","11516","RegQueryKey","HKCR\CLSID\{317D06E8-5F24-433D-BDF7-79CE68D8ABC2}","SUCCESS","Query: Name"
"10:49:07,7561149","Notepad.exe","11516","RegQueryKey","HKCR\CLSID\{317D06E8-5F24-433D-BDF7-79CE68D8ABC2}","SUCCESS","Query: HandleTags, HandleTags: 0x0"
"10:49:07,7561258","Notepad.exe","11516","RegOpenKey","HKCU\Software\Classes\CLSID\{317D06E8-5F24-433D-BDF7-79CE68D8ABC2}","NAME NOT FOUND","Desired Access: Maximum Allowed"
"10:49:07,7561419","Notepad.exe","11516","RegQueryValue","HKCR\CLSID\{317D06E8-5F24-433D-BDF7-79CE68D8ABC2}\(Default)","NAME NOT FOUND","Length: 12"
"10:49:07,7561516","Notepad.exe","11516","RegQueryKey","HKCR\CLSID\{317D06E8-5F24-433D-BDF7-79CE68D8ABC2}","SUCCESS","Query: Name"
"10:49:07,7561622","Notepad.exe","11516","RegQueryKey","HKCR\CLSID\{317D06E8-5F24-433D-BDF7-79CE68D8ABC2}","SUCCESS","Query: HandleTags, HandleTags: 0x0"
"10:49:07,7561732","Notepad.exe","11516","RegOpenKey","HKCU\Software\Classes\CLSID\{317D06E8-5F24-433D-BDF7-79CE68D8ABC2}\InprocServer32","NAME NOT FOUND","Desired Access: Read"
"10:49:07,7561884","Notepad.exe","11516","RegQueryKey","HKCR\CLSID\{317D06E8-5F24-433D-BDF7-79CE68D8ABC2}","SUCCESS","Query: HandleTags, HandleTags: 0x0"
"10:49:07,7561980","Notepad.exe","11516","RegOpenKey","HKCR\CLSID\{317D06E8-5F24-433D-BDF7-79CE68D8ABC2}\InprocServer32","SUCCESS","Desired Access: Read"
"10:49:07,7562125","Notepad.exe","11516","RegQueryKey","HKCR\CLSID\{317D06E8-5F24-433D-BDF7-79CE68D8ABC2}\InProcServer32","SUCCESS","Query: Name"
"10:49:07,7562235","Notepad.exe","11516","RegQueryKey","HKCR\CLSID\{317D06E8-5F24-433D-BDF7-79CE68D8ABC2}\InProcServer32","SUCCESS","Query: HandleTags, HandleTags: 0x0"
"10:49:07,7562342","Notepad.exe","11516","RegOpenKey","HKCU\Software\Classes\CLSID\{317D06E8-5F24-433D-BDF7-79CE68D8ABC2}\InprocServer32","NAME NOT FOUND","Desired Access: Maximum Allowed"
"10:49:07,7562504","Notepad.exe","11516","RegQueryValue","HKCR\CLSID\{317D06E8-5F24-433D-BDF7-79CE68D8ABC2}\InProcServer32\InprocServer32","NAME NOT FOUND","Length: 12"
"10:49:07,7562617","Notepad.exe","11516","RegQueryKey","HKCR\CLSID\{317D06E8-5F24-433D-BDF7-79CE68D8ABC2}\InProcServer32","SUCCESS","Query: Name"
"10:49:07,7562723","Notepad.exe","11516","RegQueryKey","HKCR\CLSID\{317D06E8-5F24-433D-BDF7-79CE68D8ABC2}\InProcServer32","SUCCESS","Query: HandleTags, HandleTags: 0x0"
"10:49:07,7562828","Notepad.exe","11516","RegOpenKey","HKCU\Software\Classes\CLSID\{317D06E8-5F24-433D-BDF7-79CE68D8ABC2}\InprocServer32","NAME NOT FOUND","Desired Access: Maximum Allowed"
"10:49:07,7562980","Notepad.exe","11516","RegQueryValue","HKCR\CLSID\{317D06E8-5F24-433D-BDF7-79CE68D8ABC2}\InProcServer32\(Default)","BUFFER OVERFLOW","Length: 12"
"10:49:07,7563076","Notepad.exe","11516","RegQueryKey","HKCR\CLSID\{317D06E8-5F24-433D-BDF7-79CE68D8ABC2}\InProcServer32","SUCCESS","Query: Name"
"10:49:07,7563217","Notepad.exe","11516","RegQueryKey","HKCR\CLSID\{317D06E8-5F24-433D-BDF7-79CE68D8ABC2}\InProcServer32","SUCCESS","Query: HandleTags, HandleTags: 0x0"
"10:49:07,7563324","Notepad.exe","11516","RegOpenKey","HKCU\Software\Classes\CLSID\{317D06E8-5F24-433D-BDF7-79CE68D8ABC2}\InprocServer32","NAME NOT FOUND","Desired Access: Maximum Allowed"
"10:49:07,7563475","Notepad.exe","11516","RegQueryValue","HKCR\CLSID\{317D06E8-5F24-433D-BDF7-79CE68D8ABC2}\InProcServer32\(Default)","SUCCESS","Type: REG_SZ, Length: 76, Data: C:\Windows\System32\windowscodecs.dll"
"10:49:07,7563584","Notepad.exe","11516","RegQueryKey","HKCR\CLSID\{317D06E8-5F24-433D-BDF7-79CE68D8ABC2}\InProcServer32","SUCCESS","Query: Name"
"10:49:07,7563688","Notepad.exe","11516","RegQueryKey","HKCR\CLSID\{317D06E8-5F24-433D-BDF7-79CE68D8ABC2}\InProcServer32","SUCCESS","Query: HandleTags, HandleTags: 0x0"
"10:49:07,7563797","Notepad.exe","11516","RegOpenKey","HKCU\Software\Classes\CLSID\{317D06E8-5F24-433D-BDF7-79CE68D8ABC2}\InprocServer32","NAME NOT FOUND","Desired Access: Maximum Allowed"
"10:49:07,7563990","Notepad.exe","11516","RegQueryValue","HKCR\CLSID\{317D06E8-5F24-433D-BDF7-79CE68D8ABC2}\InProcServer32\ThreadingModel","SUCCESS","Type: REG_SZ, Length: 10, Data: Both"
"10:49:07,7564132","Notepad.exe","11516","RegCloseKey","HKCR\CLSID\{317D06E8-5F24-433D-BDF7-79CE68D8ABC2}\InProcServer32","SUCCESS",""
"10:49:07,7564241","Notepad.exe","11516","RegQueryKey","HKCR\CLSID\{317D06E8-5F24-433D-BDF7-79CE68D8ABC2}","SUCCESS","Query: Name"
"10:49:07,7564346","Notepad.exe","11516","RegQueryKey","HKCR\CLSID\{317D06E8-5F24-433D-BDF7-79CE68D8ABC2}","SUCCESS","Query: HandleTags, HandleTags: 0x0"
"10:49:07,7564455","Notepad.exe","11516","RegOpenKey","HKCU\Software\Classes\CLSID\{317D06E8-5F24-433D-BDF7-79CE68D8ABC2}\InprocHandler32","NAME NOT FOUND","Desired Access: Query Value"
"10:49:07,7564633","Notepad.exe","11516","RegQueryKey","HKCR\CLSID\{317D06E8-5F24-433D-BDF7-79CE68D8ABC2}","SUCCESS","Query: HandleTags, HandleTags: 0x0"
"10:49:07,7564765","Notepad.exe","11516","RegOpenKey","HKCR\CLSID\{317D06E8-5F24-433D-BDF7-79CE68D8ABC2}\InprocHandler32","NAME NOT FOUND","Desired Access: Query Value"
"10:49:07,7564933","Notepad.exe","11516","RegQueryKey","HKCR\CLSID\{317D06E8-5F24-433D-BDF7-79CE68D8ABC2}","SUCCESS","Query: Name"
"10:49:07,7565091","Notepad.exe","11516","RegQueryKey","HKCR\CLSID\{317D06E8-5F24-433D-BDF7-79CE68D8ABC2}","SUCCESS","Query: Name"
"10:49:07,7565240","Notepad.exe","11516","RegQueryKey","HKCR\CLSID\{317D06E8-5F24-433D-BDF7-79CE68D8ABC2}","SUCCESS","Query: HandleTags, HandleTags: 0x0"
"10:49:07,7565395","Notepad.exe","11516","RegOpenKey","HKCU\Software\Classes\CLSID\{317D06E8-5F24-433D-BDF7-79CE68D8ABC2}\InprocHandler","NAME NOT FOUND","Desired Access: Query Value"
"10:49:07,7565624","Notepad.exe","11516","RegQueryKey","HKCR\CLSID\{317D06E8-5F24-433D-BDF7-79CE68D8ABC2}","SUCCESS","Query: HandleTags, HandleTags: 0x0"
"10:49:07,7565766","Notepad.exe","11516","RegOpenKey","HKCR\CLSID\{317D06E8-5F24-433D-BDF7-79CE68D8ABC2}\InprocHandler","NAME NOT FOUND","Desired Access: Query Value"
"10:49:07,7565921","Notepad.exe","11516","RegQueryKey","HKCR\CLSID\{317D06E8-5F24-433D-BDF7-79CE68D8ABC2}","SUCCESS","Query: Name"
"10:49:07,7566082","Notepad.exe","11516","RegQueryKey","HKCR\CLSID\{317D06E8-5F24-433D-BDF7-79CE68D8ABC2}","SUCCESS","Query: Name"
"10:49:07,7566232","Notepad.exe","11516","RegQueryKey","HKCR\CLSID\{317D06E8-5F24-433D-BDF7-79CE68D8ABC2}","SUCCESS","Query: HandleTags, HandleTags: 0x0"
"10:49:07,7566385","Notepad.exe","11516","RegOpenKey","HKCU\Software\Classes\CLSID\{317D06E8-5F24-433D-BDF7-79CE68D8ABC2}\LocalServer32","NAME NOT FOUND","Desired Access: Read"
"10:49:07,7566635","Notepad.exe","11516","RegQueryKey","HKCR\CLSID\{317D06E8-5F24-433D-BDF7-79CE68D8ABC2}","SUCCESS","Query: HandleTags, HandleTags: 0x0"
"10:49:07,7566739","Notepad.exe","11516","RegOpenKey","HKCR\CLSID\{317D06E8-5F24-433D-BDF7-79CE68D8ABC2}\LocalServer32","NAME NOT FOUND","Desired Access: Read"
"10:49:07,7566849","Notepad.exe","11516","RegQueryKey","HKCR\CLSID\{317D06E8-5F24-433D-BDF7-79CE68D8ABC2}","SUCCESS","Query: Name"
"10:49:07,7566955","Notepad.exe","11516","RegQueryKey","HKCR\CLSID\{317D06E8-5F24-433D-BDF7-79CE68D8ABC2}","SUCCESS","Query: Name"
"10:49:07,7567055","Notepad.exe","11516","RegQueryKey","HKCR\CLSID\{317D06E8-5F24-433D-BDF7-79CE68D8ABC2}","SUCCESS","Query: HandleTags, HandleTags: 0x0"
"10:49:07,7567168","Notepad.exe","11516","RegOpenKey","HKCU\Software\Classes\CLSID\{317D06E8-5F24-433D-BDF7-79CE68D8ABC2}","NAME NOT FOUND","Desired Access: Maximum Allowed"
"10:49:07,7567326","Notepad.exe","11516","RegQueryValue","HKCR\CLSID\{317D06E8-5F24-433D-BDF7-79CE68D8ABC2}\AppID","NAME NOT FOUND","Length: 112"
"10:49:07,7567421","Notepad.exe","11516","RegQueryKey","HKCR\CLSID\{317D06E8-5F24-433D-BDF7-79CE68D8ABC2}","SUCCESS","Query: Name"
"10:49:07,7567522","Notepad.exe","11516","RegQueryKey","HKCR\CLSID\{317D06E8-5F24-433D-BDF7-79CE68D8ABC2}","SUCCESS","Query: HandleTags, HandleTags: 0x0"
"10:49:07,7567628","Notepad.exe","11516","RegOpenKey","HKCU\Software\Classes\CLSID\{317D06E8-5F24-433D-BDF7-79CE68D8ABC2}\LocalServer","NAME NOT FOUND","Desired Access: Query Value"
"10:49:07,7567776","Notepad.exe","11516","RegQueryKey","HKCR\CLSID\{317D06E8-5F24-433D-BDF7-79CE68D8ABC2}","SUCCESS","Query: HandleTags, HandleTags: 0x0"
"10:49:07,7567869","Notepad.exe","11516","RegOpenKey","HKCR\CLSID\{317D06E8-5F24-433D-BDF7-79CE68D8ABC2}\LocalServer","NAME NOT FOUND","Desired Access: Query Value"
"10:49:07,7567978","Notepad.exe","11516","RegQueryKey","HKCR\CLSID\{317D06E8-5F24-433D-BDF7-79CE68D8ABC2}","SUCCESS","Query: Name"
"10:49:07,7568089","Notepad.exe","11516","RegQueryKey","\REGISTRY\WC\Silo480a25d5-cec8-60cc-d5df-02e80f443476user_classes","SUCCESS","Query: Name"
"10:49:07,7568204","Notepad.exe","11516","RegQueryKey","\REGISTRY\WC\Silo480a25d5-cec8-60cc-d5df-02e80f443476user_classes","SUCCESS","Query: HandleTags, HandleTags: 0x0"
"10:49:07,7568289","Notepad.exe","11516","RegQueryKey","\REGISTRY\WC\Silo480a25d5-cec8-60cc-d5df-02e80f443476user_classes","SUCCESS","Query: HandleTags, HandleTags: 0x0"
"10:49:07,7568386","Notepad.exe","11516","RegOpenKey","\REGISTRY\WC\Silo480a25d5-cec8-60cc-d5df-02e80f443476user_classes\CLSID\{317D06E8-5F24-433D-BDF7-79CE68D8ABC2}","NAME NOT FOUND","Desired Access: Read"
"10:49:07,7568520","Notepad.exe","11516","RegOpenKey","HKCR\CLSID\{317D06E8-5F24-433D-BDF7-79CE68D8ABC2}","REPARSE GLOBAL","Desired Access: Read"
"10:49:07,7568685","Notepad.exe","11516","RegOpenKey","HKCR\CLSID\{317D06E8-5F24-433D-BDF7-79CE68D8ABC2}","SUCCESS","Desired Access: Read"
"10:49:07,7568819","Notepad.exe","11516","RegQueryKey","HKCR\CLSID\{317D06E8-5F24-433D-BDF7-79CE68D8ABC2}","SUCCESS","Query: Name"
"10:49:07,7568917","Notepad.exe","11516","RegQueryKey","HKCR\CLSID\{317D06E8-5F24-433D-BDF7-79CE68D8ABC2}","SUCCESS","Query: HandleTags, HandleTags: 0x0"
"10:49:07,7569021","Notepad.exe","11516","RegOpenKey","HKCU\Software\Classes\CLSID\{317D06E8-5F24-433D-BDF7-79CE68D8ABC2}\Elevation","NAME NOT FOUND","Desired Access: Read"
"10:49:07,7569174","Notepad.exe","11516","RegQueryKey","HKCR\CLSID\{317D06E8-5F24-433D-BDF7-79CE68D8ABC2}","SUCCESS","Query: HandleTags, HandleTags: 0x0"
"10:49:07,7569265","Notepad.exe","11516","RegOpenKey","HKCR\CLSID\{317D06E8-5F24-433D-BDF7-79CE68D8ABC2}\Elevation","NAME NOT FOUND","Desired Access: Read"
"10:49:07,7569376","Notepad.exe","11516","RegQueryKey","HKCR\CLSID\{317D06E8-5F24-433D-BDF7-79CE68D8ABC2}","SUCCESS","Query: Name"
"10:49:07,7569496","Notepad.exe","11516","RegCloseKey","HKCR\CLSID\{317D06E8-5F24-433D-BDF7-79CE68D8ABC2}","SUCCESS",""
"10:49:07,7569613","Notepad.exe","11516","RegCloseKey","HKCR\CLSID\{317D06E8-5F24-433D-BDF7-79CE68D8ABC2}","SUCCESS",""
"10:49:07,7569741","Notepad.exe","11516","RegQueryKey","\REGISTRY\WC\Silo480a25d5-cec8-60cc-d5df-02e80f443476user_classes","SUCCESS","Query: Name"
"10:49:07,7569845","Notepad.exe","11516","RegQueryKey","\REGISTRY\WC\Silo480a25d5-cec8-60cc-d5df-02e80f443476user_classes","SUCCESS","Query: HandleTags, HandleTags: 0x0"
"10:49:07,7569925","Notepad.exe","11516","RegQueryKey","\REGISTRY\WC\Silo480a25d5-cec8-60cc-d5df-02e80f443476user_classes","SUCCESS","Query: HandleTags, HandleTags: 0x0"
"10:49:07,7570016","Notepad.exe","11516","RegOpenKey","\REGISTRY\WC\Silo480a25d5-cec8-60cc-d5df-02e80f443476user_classes\CLSID\{317D06E8-5F24-433D-BDF7-79CE68D8ABC2}","NAME NOT FOUND","Desired Access: Read"
"10:49:07,7570147","Notepad.exe","11516","RegOpenKey","HKCR\CLSID\{317D06E8-5F24-433D-BDF7-79CE68D8ABC2}","REPARSE GLOBAL","Desired Access: Read"
"10:49:07,7570296","Notepad.exe","11516","RegOpenKey","HKCR\CLSID\{317D06E8-5F24-433D-BDF7-79CE68D8ABC2}","SUCCESS","Desired Access: Read"
"10:49:07,7570406","Notepad.exe","11516","RegQueryKey","HKCR\CLSID\{317D06E8-5F24-433D-BDF7-79CE68D8ABC2}","SUCCESS","Query: Name"
"10:49:07,7570501","Notepad.exe","11516","RegQueryKey","HKCR\CLSID\{317D06E8-5F24-433D-BDF7-79CE68D8ABC2}","SUCCESS","Query: HandleTags, HandleTags: 0x0"
"10:49:07,7570599","Notepad.exe","11516","RegOpenKey","HKCU\Software\Classes\CLSID\{317D06E8-5F24-433D-BDF7-79CE68D8ABC2}\TreatAs","NAME NOT FOUND","Desired Access: Read"
"10:49:07,7570743","Notepad.exe","11516","RegQueryKey","HKCR\CLSID\{317D06E8-5F24-433D-BDF7-79CE68D8ABC2}","SUCCESS","Query: HandleTags, HandleTags: 0x0"
"10:49:07,7570833","Notepad.exe","11516","RegOpenKey","HKCR\CLSID\{317D06E8-5F24-433D-BDF7-79CE68D8ABC2}\TreatAs","NAME NOT FOUND","Desired Access: Read"
"10:49:07,7570938","Notepad.exe","11516","RegQueryKey","HKCR\CLSID\{317D06E8-5F24-433D-BDF7-79CE68D8ABC2}","SUCCESS","Query: Name"
"10:49:07,7571041","Notepad.exe","11516","RegCloseKey","HKCR\CLSID\{317D06E8-5F24-433D-BDF7-79CE68D8ABC2}","SUCCESS",""
"10:49:07,7573060","Notepad.exe","11516","CreateFile","C:\Windows\System32\WindowsCodecs.dll","SUCCESS","Desired Access: Read Attributes, Disposition: Open, Options: Open Reparse Point, Attributes: n/a, ShareMode: Read, Write, Delete, AllocationSize: n/a, OpenResult: Opened"
"10:49:07,7573306","Notepad.exe","11516","QueryBasicInformationFile","C:\Windows\System32\WindowsCodecs.dll","SUCCESS","CreationTime: 16.09.2026 9:39:22, LastAccessTime: 26.09.2026 10:39:39, LastWriteTime: 16.09.2026 9:39:22, ChangeTime: 19.09.2026 14:48:53, FileAttributes: A"
"10:49:07,7573429","Notepad.exe","11516","CloseFile","C:\Windows\System32\WindowsCodecs.dll","SUCCESS",""
"10:49:07,7574432","Notepad.exe","11516","CreateFile","C:\Windows\System32\WindowsCodecs.dll","SUCCESS","Desired Access: Read Data/List Directory, Execute/Traverse, Synchronize, Disposition: Open, Options: Synchronous IO Non-Alert, Non-Directory File, Attributes: n/a, ShareMode: Read, Delete, AllocationSize: n/a, OpenResult: Opened"
"10:49:07,7574709","Notepad.exe","11516","CreateFileMapping","C:\Windows\System32\WindowsCodecs.dll","FILE LOCKED WITH ONLY READERS","SyncType: SyncTypeCreateSection, PageProtection: PAGE_EXECUTE"
"10:49:07,7574974","Notepad.exe","11516","CreateFileMapping","C:\Windows\System32\WindowsCodecs.dll","SUCCESS","SyncType: SyncTypeOther"
"10:49:07,7575204","Notepad.exe","11516","RegOpenKey","HKLM\System\CurrentControlSet\Control\Srp\GP\","REPARSE","Desired Access: Read"
"10:49:07,7575435","Notepad.exe","11516","RegOpenKey","HKLM\System\CurrentControlSet\Control\Srp\GP","SUCCESS","Desired Access: Read"
"10:49:07,7575636","Notepad.exe","11516","RegQueryValue","HKLM\System\CurrentControlSet\Control\Srp\Gp\RuleCount","SUCCESS","Type: REG_DWORD, Length: 4, Data: 2"
"10:49:07,7575771","Notepad.exe","11516","RegCloseKey","HKLM\System\CurrentControlSet\Control\Srp\Gp","SUCCESS",""
"10:49:07,7577776","Notepad.exe","11516","Load Image","C:\Windows\System32\WindowsCodecs.dll","SUCCESS","Image Base: 0x7ffd1c780000, Image Size: 0x238000"
"10:49:07,7580297","Notepad.exe","11516","CloseFile","C:\Windows\System32\WindowsCodecs.dll","SUCCESS",""
"10:49:07,7582705","Notepad.exe","11516","RegQueryKey","\REGISTRY\WC\Silo480a25d5-cec8-60cc-d5df-02e80f443476user_classes","SUCCESS","Query: Name"
"10:49:07,7582896","Notepad.exe","11516","RegQueryKey","\REGISTRY\WC\Silo480a25d5-cec8-60cc-d5df-02e80f443476user_classes","SUCCESS","Query: HandleTags, HandleTags: 0x0"
"10:49:07,7582993","Notepad.exe","11516","RegQueryKey","\REGISTRY\WC\Silo480a25d5-cec8-60cc-d5df-02e80f443476user_classes","SUCCESS","Query: HandleTags, HandleTags: 0x0"
"10:49:07,7583193","Notepad.exe","11516","RegOpenKey","\REGISTRY\WC\Silo480a25d5-cec8-60cc-d5df-02e80f443476user_classes\CLSID\{A26CEC36-234C-4950-AE16-E34AACE71D0D}","NAME NOT FOUND","Desired Access: Read"
"10:49:07,7583617","Notepad.exe","11516","RegOpenKey","HKCR\CLSID\{A26CEC36-234C-4950-AE16-E34AACE71D0D}","REPARSE GLOBAL","Desired Access: Read"
"10:49:07,7584571","Notepad.exe","11516","RegOpenKey","HKCR\CLSID\{A26CEC36-234C-4950-AE16-E34AACE71D0D}","SUCCESS","Desired Access: Read"
"10:49:07,7585032","Notepad.exe","11516","RegCloseKey","HKCR\CLSID\{A26CEC36-234C-4950-AE16-E34AACE71D0D}","SUCCESS",""
"10:49:07,7585279","Notepad.exe","11516","RegQueryKey","\REGISTRY\WC\Silo480a25d5-cec8-60cc-d5df-02e80f443476user_classes","SUCCESS","Query: Name"
"10:49:07,7585493","Notepad.exe","11516","RegQueryKey","\REGISTRY\WC\Silo480a25d5-cec8-60cc-d5df-02e80f443476user_classes","SUCCESS","Query: HandleTags, HandleTags: 0x0"
"10:49:07,7585617","Notepad.exe","11516","RegQueryKey","\REGISTRY\WC\Silo480a25d5-cec8-60cc-d5df-02e80f443476user_classes","SUCCESS","Query: HandleTags, HandleTags: 0x0"
"10:49:07,7585786","Notepad.exe","11516","RegOpenKey","\REGISTRY\WC\Silo480a25d5-cec8-60cc-d5df-02e80f443476user_classes\CLSID\{AC4CE3CB-E1C1-44CD-8215-5A1665509EC2}","NAME NOT FOUND","Desired Access: Read"
"10:49:07,7586188","Notepad.exe","11516","RegOpenKey","HKCR\CLSID\{AC4CE3CB-E1C1-44CD-8215-5A1665509EC2}","REPARSE GLOBAL","Desired Access: Read"
"10:49:07,7586507","Notepad.exe","11516","RegOpenKey","HKCR\CLSID\{AC4CE3CB-E1C1-44CD-8215-5A1665509EC2}","SUCCESS","Desired Access: Read"
"10:49:07,7586690","Notepad.exe","11516","RegCloseKey","HKCR\CLSID\{AC4CE3CB-E1C1-44CD-8215-5A1665509EC2}","SUCCESS",""
"10:49:07,7586927","Notepad.exe","11516","RegQueryKey","\REGISTRY\WC\Silo480a25d5-cec8-60cc-d5df-02e80f443476user_classes","SUCCESS","Query: Name"
"10:49:07,7587052","Notepad.exe","11516","RegQueryKey","\REGISTRY\WC\Silo480a25d5-cec8-60cc-d5df-02e80f443476user_classes","SUCCESS","Query: HandleTags, HandleTags: 0x0"
"10:49:07,7588069","Notepad.exe","11516","RegQueryKey","\REGISTRY\WC\Silo480a25d5-cec8-60cc-d5df-02e80f443476user_classes","SUCCESS","Query: HandleTags, HandleTags: 0x0"
"10:49:07,7588448","Notepad.exe","11516","RegOpenKey","\REGISTRY\WC\Silo480a25d5-cec8-60cc-d5df-02e80f443476user_classes\CLSID\{72B624DF-AE11-4948-A65C-351EB0829419}","NAME NOT FOUND","Desired Access: Read"
"10:49:07,7588892","Notepad.exe","11516","RegOpenKey","HKCR\CLSID\{72B624DF-AE11-4948-A65C-351EB0829419}","REPARSE GLOBAL","Desired Access: Read"
"10:49:07,7589335","Notepad.exe","11516","RegOpenKey","HKCR\CLSID\{72B624DF-AE11-4948-A65C-351EB0829419}","SUCCESS","Desired Access: Read"
"10:49:07,7589818","Notepad.exe","11516","RegCloseKey","HKCR\CLSID\{72B624DF-AE11-4948-A65C-351EB0829419}","SUCCESS",""
"10:49:07,7589985","Notepad.exe","11516","RegQueryKey","\REGISTRY\WC\Silo480a25d5-cec8-60cc-d5df-02e80f443476user_classes","SUCCESS","Query: Name"
"10:49:07,7590123","Notepad.exe","11516","RegQueryKey","\REGISTRY\WC\Silo480a25d5-cec8-60cc-d5df-02e80f443476user_classes","SUCCESS","Query: HandleTags, HandleTags: 0x0"
"10:49:07,7590215","Notepad.exe","11516","RegQueryKey","\REGISTRY\WC\Silo480a25d5-cec8-60cc-d5df-02e80f443476user_classes","SUCCESS","Query: HandleTags, HandleTags: 0x0"
"10:49:07,7590322","Notepad.exe","11516","RegOpenKey","\REGISTRY\WC\Silo480a25d5-cec8-60cc-d5df-02e80f443476user_classes\CLSID\{01B90D9A-8209-47F7-9C52-E1244BF50CED}","NAME NOT FOUND","Desired Access: Read"
"10:49:07,7590537","Notepad.exe","11516","RegOpenKey","HKCR\CLSID\{01B90D9A-8209-47F7-9C52-E1244BF50CED}","REPARSE GLOBAL","Desired Access: Read"
"10:49:07,7590777","Notepad.exe","11516","RegOpenKey","HKCR\CLSID\{01B90D9A-8209-47F7-9C52-E1244BF50CED}","SUCCESS","Desired Access: Read"
"10:49:07,7591044","Notepad.exe","11516","RegCloseKey","HKCR\CLSID\{01B90D9A-8209-47F7-9C52-E1244BF50CED}","SUCCESS",""
"10:49:07,7591160","Notepad.exe","11516","RegQueryKey","\REGISTRY\WC\Silo480a25d5-cec8-60cc-d5df-02e80f443476user_classes","SUCCESS","Query: Name"
"10:49:07,7591275","Notepad.exe","11516","RegQueryKey","\REGISTRY\WC\Silo480a25d5-cec8-60cc-d5df-02e80f443476user_classes","SUCCESS","Query: HandleTags, HandleTags: 0x0"
"10:49:07,7591360","Notepad.exe","11516","RegQueryKey","\REGISTRY\WC\Silo480a25d5-cec8-60cc-d5df-02e80f443476user_classes","SUCCESS","Query: HandleTags, HandleTags: 0x0"
"10:49:07,7591517","Notepad.exe","11516","RegOpenKey","\REGISTRY\WC\Silo480a25d5-cec8-60cc-d5df-02e80f443476user_classes\CLSID\{E7E79A30-4F2C-4FAB-8D00-394F2D6BBEBE}","NAME NOT FOUND","Desired Access: Read"
"10:49:07,7591747","Notepad.exe","11516","RegOpenKey","HKCR\CLSID\{E7E79A30-4F2C-4FAB-8D00-394F2D6BBEBE}","REPARSE GLOBAL","Desired Access: Read"
"10:49:07,7591980","Notepad.exe","11516","RegOpenKey","HKCR\CLSID\{E7E79A30-4F2C-4FAB-8D00-394F2D6BBEBE}","SUCCESS","Desired Access: Read"
"10:49:07,7592125","Notepad.exe","11516","RegCloseKey","HKCR\CLSID\{E7E79A30-4F2C-4FAB-8D00-394F2D6BBEBE}","SUCCESS",""
"10:49:07,7592231","Notepad.exe","11516","RegQueryKey","\REGISTRY\WC\Silo480a25d5-cec8-60cc-d5df-02e80f443476user_classes","SUCCESS","Query: Name"
"10:49:07,7592336","Notepad.exe","11516","RegQueryKey","\REGISTRY\WC\Silo480a25d5-cec8-60cc-d5df-02e80f443476user_classes","SUCCESS","Query: HandleTags, HandleTags: 0x0"
"10:49:07,7592422","Notepad.exe","11516","RegQueryKey","\REGISTRY\WC\Silo480a25d5-cec8-60cc-d5df-02e80f443476user_classes","SUCCESS","Query: HandleTags, HandleTags: 0x0"
"10:49:07,7592517","Notepad.exe","11516","RegOpenKey","\REGISTRY\WC\Silo480a25d5-cec8-60cc-d5df-02e80f443476user_classes\CLSID\{7F12E753-FC71-43D7-A51D-92F35977ABB5}","NAME NOT FOUND","Desired Access: Read"
"10:49:07,7592703","Notepad.exe","11516","RegOpenKey","HKCR\CLSID\{7F12E753-FC71-43D7-A51D-92F35977ABB5}","REPARSE GLOBAL","Desired Access: Read"
"10:49:07,7592910","Notepad.exe","11516","RegOpenKey","HKCR\CLSID\{7F12E753-FC71-43D7-A51D-92F35977ABB5}","SUCCESS","Desired Access: Read"
"10:49:07,7593039","Notepad.exe","11516","RegCloseKey","HKCR\CLSID\{7F12E753-FC71-43D7-A51D-92F35977ABB5}","SUCCESS",""
"10:49:07,7593159","Notepad.exe","11516","RegQueryKey","\REGISTRY\WC\Silo480a25d5-cec8-60cc-d5df-02e80f443476user_classes","SUCCESS","Query: Name"
"10:49:07,7593265","Notepad.exe","11516","RegQueryKey","\REGISTRY\WC\Silo480a25d5-cec8-60cc-d5df-02e80f443476user_classes","SUCCESS","Query: HandleTags, HandleTags: 0x0"
"10:49:07,7593423","Notepad.exe","11516","RegQueryKey","\REGISTRY\WC\Silo480a25d5-cec8-60cc-d5df-02e80f443476user_classes","SUCCESS","Query: HandleTags, HandleTags: 0x0"
"10:49:07,7593542","Notepad.exe","11516","RegOpenKey","\REGISTRY\WC\Silo480a25d5-cec8-60cc-d5df-02e80f443476user_classes\CLSID\{AA94DCC2-B8B0-4898-B835-000AABD74393}","NAME NOT FOUND","Desired Access: Read"
"10:49:07,7593728","Notepad.exe","11516","RegOpenKey","HKCR\CLSID\{AA94DCC2-B8B0-4898-B835-000AABD74393}","REPARSE GLOBAL","Desired Access: Read"
"10:49:07,7593933","Notepad.exe","11516","RegOpenKey","HKCR\CLSID\{AA94DCC2-B8B0-4898-B835-000AABD74393}","SUCCESS","Desired Access: Read"
"10:49:07,7594063","Notepad.exe","11516","RegCloseKey","HKCR\CLSID\{AA94DCC2-B8B0-4898-B835-000AABD74393}","SUCCESS",""
"10:49:07,7594204","Notepad.exe","11516","RegQueryKey","\REGISTRY\WC\Silo480a25d5-cec8-60cc-d5df-02e80f443476user_classes","SUCCESS","Query: Name"
"10:49:07,7594308","Notepad.exe","11516","RegQueryKey","\REGISTRY\WC\Silo480a25d5-cec8-60cc-d5df-02e80f443476user_classes","SUCCESS","Query: HandleTags, HandleTags: 0x0"
"10:49:07,7594394","Notepad.exe","11516","RegQueryKey","\REGISTRY\WC\Silo480a25d5-cec8-60cc-d5df-02e80f443476user_classes","SUCCESS","Query: HandleTags, HandleTags: 0x0"
"10:49:07,7594489","Notepad.exe","11516","RegOpenKey","\REGISTRY\WC\Silo480a25d5-cec8-60cc-d5df-02e80f443476user_classes\CLSID\{1765E14E-1BD4-462E-B6B1-590BF1262AC6}","NAME NOT FOUND","Desired Access: Read"
"10:49:07,7594669","Notepad.exe","11516","RegOpenKey","HKCR\CLSID\{1765E14E-1BD4-462E-B6B1-590BF1262AC6}","REPARSE GLOBAL","Desired Access: Read"
"10:49:07,7594877","Notepad.exe","11516","RegOpenKey","HKCR\CLSID\{1765E14E-1BD4-462E-B6B1-590BF1262AC6}","SUCCESS","Desired Access: Read"
"10:49:07,7595006","Notepad.exe","11516","RegCloseKey","HKCR\CLSID\{1765E14E-1BD4-462E-B6B1-590BF1262AC6}","SUCCESS",""
"10:49:07,7595110","Notepad.exe","11516","RegQueryKey","\REGISTRY\WC\Silo480a25d5-cec8-60cc-d5df-02e80f443476user_classes","SUCCESS","Query: Name"
"10:49:07,7595214","Notepad.exe","11516","RegQueryKey","\REGISTRY\WC\Silo480a25d5-cec8-60cc-d5df-02e80f443476user_classes","SUCCESS","Query: HandleTags, HandleTags: 0x0"
"10:49:07,7595297","Notepad.exe","11516","RegQueryKey","\REGISTRY\WC\Silo480a25d5-cec8-60cc-d5df-02e80f443476user_classes","SUCCESS","Query: HandleTags, HandleTags: 0x0"
"10:49:07,7595393","Notepad.exe","11516","RegOpenKey","\REGISTRY\WC\Silo480a25d5-cec8-60cc-d5df-02e80f443476user_classes\CLSID\{22C21F93-7DDB-411C-9B17-C5B7BD064ABC}","NAME NOT FOUND","Desired Access: Read"
"10:49:07,7595579","Notepad.exe","11516","RegOpenKey","HKCR\CLSID\{22C21F93-7DDB-411C-9B17-C5B7BD064ABC}","REPARSE GLOBAL","Desired Access: Read"
"10:49:07,7595780","Notepad.exe","11516","RegOpenKey","HKCR\CLSID\{22C21F93-7DDB-411C-9B17-C5B7BD064ABC}","SUCCESS","Desired Access: Read"
"10:49:07,7595909","Notepad.exe","11516","RegCloseKey","HKCR\CLSID\{22C21F93-7DDB-411C-9B17-C5B7BD064ABC}","SUCCESS",""
"10:49:07,7596017","Notepad.exe","11516","RegQueryKey","\REGISTRY\WC\Silo480a25d5-cec8-60cc-d5df-02e80f443476user_classes","SUCCESS","Query: Name"
"10:49:07,7596120","Notepad.exe","11516","RegQueryKey","\REGISTRY\WC\Silo480a25d5-cec8-60cc-d5df-02e80f443476user_classes","SUCCESS","Query: HandleTags, HandleTags: 0x0"
"10:49:07,7596205","Notepad.exe","11516","RegQueryKey","\REGISTRY\WC\Silo480a25d5-cec8-60cc-d5df-02e80f443476user_classes","SUCCESS","Query: HandleTags, HandleTags: 0x0"
"10:49:07,7596301","Notepad.exe","11516","RegOpenKey","\REGISTRY\WC\Silo480a25d5-cec8-60cc-d5df-02e80f443476user_classes\CLSID\{ED822C8C-D6BE-4301-A631-0E1416BAD28F}","NAME NOT FOUND","Desired Access: Read"
"10:49:07,7596486","Notepad.exe","11516","RegOpenKey","HKCR\CLSID\{ED822C8C-D6BE-4301-A631-0E1416BAD28F}","REPARSE GLOBAL","Desired Access: Read"
"10:49:07,7596689","Notepad.exe","11516","RegOpenKey","HKCR\CLSID\{ED822C8C-D6BE-4301-A631-0E1416BAD28F}","SUCCESS","Desired Access: Read"
"10:49:07,7596819","Notepad.exe","11516","RegCloseKey","HKCR\CLSID\{ED822C8C-D6BE-4301-A631-0E1416BAD28F}","SUCCESS",""
"10:49:07,7596923","Notepad.exe","11516","RegQueryKey","\REGISTRY\WC\Silo480a25d5-cec8-60cc-d5df-02e80f443476user_classes","SUCCESS","Query: Name"
"10:49:07,7597073","Notepad.exe","11516","RegQueryKey","\REGISTRY\WC\Silo480a25d5-cec8-60cc-d5df-02e80f443476user_classes","SUCCESS","Query: HandleTags, HandleTags: 0x0"
"10:49:07,7597158","Notepad.exe","11516","RegQueryKey","\REGISTRY\WC\Silo480a25d5-cec8-60cc-d5df-02e80f443476user_classes","SUCCESS","Query: HandleTags, HandleTags: 0x0"
"10:49:07,7597254","Notepad.exe","11516","RegOpenKey","\REGISTRY\WC\Silo480a25d5-cec8-60cc-d5df-02e80f443476user_classes\CLSID\{6D68D1DE-D432-4B0F-923A-091183A9BDA7}","NAME NOT FOUND","Desired Access: Read"
"10:49:07,7597434","Notepad.exe","11516","RegOpenKey","HKCR\CLSID\{6D68D1DE-D432-4B0F-923A-091183A9BDA7}","REPARSE GLOBAL","Desired Access: Read"
"10:49:07,7597640","Notepad.exe","11516","RegOpenKey","HKCR\CLSID\{6D68D1DE-D432-4B0F-923A-091183A9BDA7}","SUCCESS","Desired Access: Read"
"10:49:07,7597795","Notepad.exe","11516","RegCloseKey","HKCR\CLSID\{6D68D1DE-D432-4B0F-923A-091183A9BDA7}","SUCCESS",""
"10:49:07,7597908","Notepad.exe","11516","RegQueryKey","\REGISTRY\WC\Silo480a25d5-cec8-60cc-d5df-02e80f443476user_classes","SUCCESS","Query: Name"
"10:49:07,7598011","Notepad.exe","11516","RegQueryKey","\REGISTRY\WC\Silo480a25d5-cec8-60cc-d5df-02e80f443476user_classes","SUCCESS","Query: HandleTags, HandleTags: 0x0"
"10:49:07,7598097","Notepad.exe","11516","RegQueryKey","\REGISTRY\WC\Silo480a25d5-cec8-60cc-d5df-02e80f443476user_classes","SUCCESS","Query: HandleTags, HandleTags: 0x0"
"10:49:07,7598239","Notepad.exe","11516","RegOpenKey","\REGISTRY\WC\Silo480a25d5-cec8-60cc-d5df-02e80f443476user_classes\CLSID\{076C2A6C-F78F-4C46-A723-3583E70876EA}","NAME NOT FOUND","Desired Access: Read"
"10:49:07,7598420","Notepad.exe","11516","RegOpenKey","HKCR\CLSID\{076C2A6C-F78F-4C46-A723-3583E70876EA}","REPARSE GLOBAL","Desired Access: Read"
"10:49:07,7598630","Notepad.exe","11516","RegOpenKey","HKCR\CLSID\{076C2A6C-F78F-4C46-A723-3583E70876EA}","SUCCESS","Desired Access: Read"
"10:49:07,7598758","Notepad.exe","11516","RegCloseKey","HKCR\CLSID\{076C2A6C-F78F-4C46-A723-3583E70876EA}","SUCCESS",""
"10:49:07,7599026","Notepad.exe","11516","RegQueryKey","\REGISTRY\WC\Silo480a25d5-cec8-60cc-d5df-02e80f443476user_classes","SUCCESS","Query: Name"
"10:49:07,7599131","Notepad.exe","11516","RegQueryKey","\REGISTRY\WC\Silo480a25d5-cec8-60cc-d5df-02e80f443476user_classes","SUCCESS","Query: HandleTags, HandleTags: 0x0"
"10:49:07,7599216","Notepad.exe","11516","RegQueryKey","\REGISTRY\WC\Silo480a25d5-cec8-60cc-d5df-02e80f443476user_classes","SUCCESS","Query: HandleTags, HandleTags: 0x0"
"10:49:07,7599310","Notepad.exe","11516","RegOpenKey","\REGISTRY\WC\Silo480a25d5-cec8-60cc-d5df-02e80f443476user_classes\CLSID\{C17CABB2-D4A3-47D7-A557-339B2EFBD4F1}","NAME NOT FOUND","Desired Access: Read"
"10:49:07,7599492","Notepad.exe","11516","RegOpenKey","HKCR\CLSID\{C17CABB2-D4A3-47D7-A557-339B2EFBD4F1}","REPARSE GLOBAL","Desired Access: Read"
"10:49:07,7599665","Notepad.exe","11516","RegOpenKey","HKCR\CLSID\{C17CABB2-D4A3-47D7-A557-339B2EFBD4F1}","SUCCESS","Desired Access: Read"
"10:49:07,7599823","Notepad.exe","11516","RegCloseKey","HKCR\CLSID\{C17CABB2-D4A3-47D7-A557-339B2EFBD4F1}","SUCCESS",""
"10:49:07,7599925","Notepad.exe","11516","RegQueryKey","\REGISTRY\WC\Silo480a25d5-cec8-60cc-d5df-02e80f443476user_classes","SUCCESS","Query: Name"
"10:49:07,7600030","Notepad.exe","11516","RegQueryKey","\REGISTRY\WC\Silo480a25d5-cec8-60cc-d5df-02e80f443476user_classes","SUCCESS","Query: HandleTags, HandleTags: 0x0"
"10:49:07,7600124","Notepad.exe","11516","RegQueryKey","\REGISTRY\WC\Silo480a25d5-cec8-60cc-d5df-02e80f443476user_classes","SUCCESS","Query: HandleTags, HandleTags: 0x0"
"10:49:07,7600247","Notepad.exe","11516","RegOpenKey","\REGISTRY\WC\Silo480a25d5-cec8-60cc-d5df-02e80f443476user_classes\CLSID\{9CB5172B-D600-46BA-AB77-77BB7E3A00D9}","NAME NOT FOUND","Desired Access: Read"
"10:49:07,7600436","Notepad.exe","11516","RegOpenKey","HKCR\CLSID\{9CB5172B-D600-46BA-AB77-77BB7E3A00D9}","REPARSE GLOBAL","Desired Access: Read"
"10:49:07,7600635","Notepad.exe","11516","RegOpenKey","HKCR\CLSID\{9CB5172B-D600-46BA-AB77-77BB7E3A00D9}","SUCCESS","Desired Access: Read"
"10:49:07,7600760","Notepad.exe","11516","RegCloseKey","HKCR\CLSID\{9CB5172B-D600-46BA-AB77-77BB7E3A00D9}","SUCCESS",""
"10:49:07,7600856","Notepad.exe","11516","RegQueryKey","\REGISTRY\WC\Silo480a25d5-cec8-60cc-d5df-02e80f443476user_classes","SUCCESS","Query: Name"
"10:49:07,7600965","Notepad.exe","11516","RegQueryKey","\REGISTRY\WC\Silo480a25d5-cec8-60cc-d5df-02e80f443476user_classes","SUCCESS","Query: HandleTags, HandleTags: 0x0"
"10:49:07,7601051","Notepad.exe","11516","RegQueryKey","\REGISTRY\WC\Silo480a25d5-cec8-60cc-d5df-02e80f443476user_classes","SUCCESS","Query: HandleTags, HandleTags: 0x0"
"10:49:07,7601146","Notepad.exe","11516","RegOpenKey","\REGISTRY\WC\Silo480a25d5-cec8-60cc-d5df-02e80f443476user_classes\CLSID\{FAE3D380-FEA4-4623-8C75-C6B61110B681}\Instance","NAME NOT FOUND","Desired Access: Read"
"10:49:07,7601429","Notepad.exe","11516","RegOpenKey","HKCR\CLSID\{FAE3D380-FEA4-4623-8C75-C6B61110B681}\Instance","REPARSE GLOBAL","Desired Access: Read"
"10:49:07,7601676","Notepad.exe","11516","RegOpenKey","HKCR\CLSID\{FAE3D380-FEA4-4623-8C75-C6B61110B681}\Instance","SUCCESS","Desired Access: Read"
"10:49:07,7601796","Notepad.exe","11516","RegQueryKey","\REGISTRY\WC\Silo480a25d5-cec8-60cc-d5df-02e80f443476user_classes","SUCCESS","Query: Name"
"10:49:07,7601922","Notepad.exe","11516","RegQueryKey","\REGISTRY\WC\Silo480a25d5-cec8-60cc-d5df-02e80f443476user_classes","SUCCESS","Query: HandleTags, HandleTags: 0x0"
"10:49:07,7602006","Notepad.exe","11516","RegQueryKey","\REGISTRY\WC\Silo480a25d5-cec8-60cc-d5df-02e80f443476user_classes","SUCCESS","Query: HandleTags, HandleTags: 0x0"
"10:49:07,7602103","Notepad.exe","11516","RegOpenKey","\REGISTRY\WC\Silo480a25d5-cec8-60cc-d5df-02e80f443476user_classes\CLSID\{FAE3D380-FEA4-4623-8C75-C6B61110B681}\Instance\Disabled","NAME NOT FOUND","Desired Access: Read"
"10:49:07,7602246","Notepad.exe","11516","RegOpenKey","HKCR\CLSID\{FAE3D380-FEA4-4623-8C75-C6B61110B681}\Instance\Disabled","NAME NOT FOUND","Desired Access: Read"
"10:49:07,7602431","Notepad.exe","11516","RegQueryKey","\REGISTRY\WC\Silo480a25d5-cec8-60cc-d5df-02e80f443476user_classes","SUCCESS","Query: Name"
"10:49:07,7602674","Notepad.exe","11516","RegOpenKey","HKLM\SOFTWARE\Microsoft\AppModel\Lookaside\user\software\Classes\CLSID\{FAE3D380-FEA4-4623-8C75-C6B61110B681}\Instance\Disabled","NAME NOT FOUND","Desired Access: Read"
"10:49:07,7602898","Notepad.exe","11516","RegCloseKey","HKCR\CLSID\{FAE3D380-FEA4-4623-8C75-C6B61110B681}\Instance","SUCCESS",""
"10:49:07,7603626","Notepad.exe","11516","RegQueryKey","\REGISTRY\WC\Silo480a25d5-cec8-60cc-d5df-02e80f443476user_classes","SUCCESS","Query: Name"
"10:49:07,7603732","Notepad.exe","11516","RegQueryKey","\REGISTRY\WC\Silo480a25d5-cec8-60cc-d5df-02e80f443476user_classes","SUCCESS","Query: HandleTags, HandleTags: 0x0"
"10:49:07,7603811","Notepad.exe","11516","RegQueryKey","\REGISTRY\WC\Silo480a25d5-cec8-60cc-d5df-02e80f443476user_classes","SUCCESS","Query: HandleTags, HandleTags: 0x0"
"10:49:07,7603899","Notepad.exe","11516","RegOpenKey","\REGISTRY\WC\Silo480a25d5-cec8-60cc-d5df-02e80f443476user_classes\CLSID\{E018945B-AA86-4008-9BD4-6777A1E40C11}","NAME NOT FOUND","Desired Access: Read"
"10:49:07,7604102","Notepad.exe","11516","RegOpenKey","HKCR\CLSID\{E018945B-AA86-4008-9BD4-6777A1E40C11}","REPARSE GLOBAL","Desired Access: Read"
"10:49:07,7604315","Notepad.exe","11516","RegOpenKey","HKCR\CLSID\{E018945B-AA86-4008-9BD4-6777A1E40C11}","SUCCESS","Desired Access: Read"
"10:49:07,7604437","Notepad.exe","11516","RegQueryKey","HKCR\CLSID\{E018945B-AA86-4008-9BD4-6777A1E40C11}","SUCCESS","Query: Name"
"10:49:07,7604552","Notepad.exe","11516","RegQueryKey","HKCR\CLSID\{E018945B-AA86-4008-9BD4-6777A1E40C11}","SUCCESS","Query: HandleTags, HandleTags: 0x0"
"10:49:07,7604662","Notepad.exe","11516","RegOpenKey","HKCU\Software\Classes\CLSID\{E018945B-AA86-4008-9BD4-6777A1E40C11}\TreatAs","NAME NOT FOUND","Desired Access: Query Value"
"10:49:07,7604815","Notepad.exe","11516","RegQueryKey","HKCR\CLSID\{E018945B-AA86-4008-9BD4-6777A1E40C11}","SUCCESS","Query: HandleTags, HandleTags: 0x0"
"10:49:07,7604902","Notepad.exe","11516","RegOpenKey","HKCR\CLSID\{E018945B-AA86-4008-9BD4-6777A1E40C11}\TreatAs","NAME NOT FOUND","Desired Access: Query Value"
"10:49:07,7605013","Notepad.exe","11516","RegQueryKey","HKCR\CLSID\{E018945B-AA86-4008-9BD4-6777A1E40C11}","SUCCESS","Query: Name"
"10:49:07,7605113","Notepad.exe","11516","RegQueryKey","HKCR\CLSID\{E018945B-AA86-4008-9BD4-6777A1E40C11}","SUCCESS","Query: Name"
"10:49:07,7605252","Notepad.exe","11516","RegQueryKey","HKCR\CLSID\{E018945B-AA86-4008-9BD4-6777A1E40C11}","SUCCESS","Query: Name"
"10:49:07,7605364","Notepad.exe","11516","RegQueryKey","HKCR\CLSID\{E018945B-AA86-4008-9BD4-6777A1E40C11}","SUCCESS","Query: HandleTags, HandleTags: 0x0"
"10:49:07,7605468","Notepad.exe","11516","RegOpenKey","HKCU\Software\Classes\CLSID\{E018945B-AA86-4008-9BD4-6777A1E40C11}","NAME NOT FOUND","Desired Access: Maximum Allowed"
"10:49:07,7605629","Notepad.exe","11516","RegQueryValue","HKCR\CLSID\{E018945B-AA86-4008-9BD4-6777A1E40C11}\ActivateOnHostFlags","NAME NOT FOUND","Length: 16"
"10:49:07,7605726","Notepad.exe","11516","RegQueryKey","HKCR\CLSID\{E018945B-AA86-4008-9BD4-6777A1E40C11}","SUCCESS","Query: Name"
"10:49:07,7605820","Notepad.exe","11516","RegQueryKey","HKCR\CLSID\{E018945B-AA86-4008-9BD4-6777A1E40C11}","SUCCESS","Query: HandleTags, HandleTags: 0x0"
"10:49:07,7605920","Notepad.exe","11516","RegOpenKey","HKCU\Software\Classes\CLSID\{E018945B-AA86-4008-9BD4-6777A1E40C11}","NAME NOT FOUND","Desired Access: Maximum Allowed"
"10:49:07,7606066","Notepad.exe","11516","RegQueryValue","HKCR\CLSID\{E018945B-AA86-4008-9BD4-6777A1E40C11}\(Default)","NAME NOT FOUND","Length: 12"
"10:49:07,7606154","Notepad.exe","11516","RegQueryKey","HKCR\CLSID\{E018945B-AA86-4008-9BD4-6777A1E40C11}","SUCCESS","Query: Name"
"10:49:07,7606250","Notepad.exe","11516","RegQueryKey","HKCR\CLSID\{E018945B-AA86-4008-9BD4-6777A1E40C11}","SUCCESS","Query: HandleTags, HandleTags: 0x0"
"10:49:07,7606351","Notepad.exe","11516","RegOpenKey","HKCU\Software\Classes\CLSID\{E018945B-AA86-4008-9BD4-6777A1E40C11}\InprocServer32","NAME NOT FOUND","Desired Access: Read"
"10:49:07,7606497","Notepad.exe","11516","RegQueryKey","HKCR\CLSID\{E018945B-AA86-4008-9BD4-6777A1E40C11}","SUCCESS","Query: HandleTags, HandleTags: 0x0"
"10:49:07,7606586","Notepad.exe","11516","RegOpenKey","HKCR\CLSID\{E018945B-AA86-4008-9BD4-6777A1E40C11}\InprocServer32","SUCCESS","Desired Access: Read"
"10:49:07,7606733","Notepad.exe","11516","RegQueryKey","HKCR\CLSID\{E018945B-AA86-4008-9BD4-6777A1E40C11}\InProcServer32","SUCCESS","Query: Name"
"10:49:07,7606831","Notepad.exe","11516","RegQueryKey","HKCR\CLSID\{E018945B-AA86-4008-9BD4-6777A1E40C11}\InProcServer32","SUCCESS","Query: HandleTags, HandleTags: 0x0"
"10:49:07,7606932","Notepad.exe","11516","RegOpenKey","HKCU\Software\Classes\CLSID\{E018945B-AA86-4008-9BD4-6777A1E40C11}\InprocServer32","NAME NOT FOUND","Desired Access: Maximum Allowed"
"10:49:07,7607084","Notepad.exe","11516","RegQueryValue","HKCR\CLSID\{E018945B-AA86-4008-9BD4-6777A1E40C11}\InProcServer32\InprocServer32","NAME NOT FOUND","Length: 12"
"10:49:07,7607173","Notepad.exe","11516","RegQueryKey","HKCR\CLSID\{E018945B-AA86-4008-9BD4-6777A1E40C11}\InProcServer32","SUCCESS","Query: Name"
"10:49:07,7607269","Notepad.exe","11516","RegQueryKey","HKCR\CLSID\{E018945B-AA86-4008-9BD4-6777A1E40C11}\InProcServer32","SUCCESS","Query: HandleTags, HandleTags: 0x0"
"10:49:07,7607370","Notepad.exe","11516","RegOpenKey","HKCU\Software\Classes\CLSID\{E018945B-AA86-4008-9BD4-6777A1E40C11}\InprocServer32","NAME NOT FOUND","Desired Access: Maximum Allowed"
"10:49:07,7607513","Notepad.exe","11516","RegQueryValue","HKCR\CLSID\{E018945B-AA86-4008-9BD4-6777A1E40C11}\InProcServer32\(Default)","BUFFER OVERFLOW","Length: 12"
"10:49:07,7607604","Notepad.exe","11516","RegQueryKey","HKCR\CLSID\{E018945B-AA86-4008-9BD4-6777A1E40C11}\InProcServer32","SUCCESS","Query: Name"
"10:49:07,7607699","Notepad.exe","11516","RegQueryKey","HKCR\CLSID\{E018945B-AA86-4008-9BD4-6777A1E40C11}\InProcServer32","SUCCESS","Query: HandleTags, HandleTags: 0x0"
"10:49:07,7607800","Notepad.exe","11516","RegOpenKey","HKCU\Software\Classes\CLSID\{E018945B-AA86-4008-9BD4-6777A1E40C11}\InprocServer32","NAME NOT FOUND","Desired Access: Maximum Allowed"
"10:49:07,7607942","Notepad.exe","11516","RegQueryValue","HKCR\CLSID\{E018945B-AA86-4008-9BD4-6777A1E40C11}\InProcServer32\(Default)","SUCCESS","Type: REG_SZ, Length: 76, Data: C:\Windows\System32\windowscodecs.dll"
"10:49:07,7608049","Notepad.exe","11516","RegQueryKey","HKCR\CLSID\{E018945B-AA86-4008-9BD4-6777A1E40C11}\InProcServer32","SUCCESS","Query: Name"
"10:49:07,7608144","Notepad.exe","11516","RegQueryKey","HKCR\CLSID\{E018945B-AA86-4008-9BD4-6777A1E40C11}\InProcServer32","SUCCESS","Query: HandleTags, HandleTags: 0x0"
"10:49:07,7608295","Notepad.exe","11516","RegOpenKey","HKCU\Software\Classes\CLSID\{E018945B-AA86-4008-9BD4-6777A1E40C11}\InprocServer32","NAME NOT FOUND","Desired Access: Maximum Allowed"
"10:49:07,7608442","Notepad.exe","11516","RegQueryValue","HKCR\CLSID\{E018945B-AA86-4008-9BD4-6777A1E40C11}\InProcServer32\ThreadingModel","SUCCESS","Type: REG_SZ, Length: 10, Data: Both"
"10:49:07,7608555","Notepad.exe","11516","RegCloseKey","HKCR\CLSID\{E018945B-AA86-4008-9BD4-6777A1E40C11}\InProcServer32","SUCCESS",""
"10:49:07,7608667","Notepad.exe","11516","RegQueryKey","HKCR\CLSID\{E018945B-AA86-4008-9BD4-6777A1E40C11}","SUCCESS","Query: Name"
"10:49:07,7608766","Notepad.exe","11516","RegQueryKey","HKCR\CLSID\{E018945B-AA86-4008-9BD4-6777A1E40C11}","SUCCESS","Query: HandleTags, HandleTags: 0x0"
"10:49:07,7608870","Notepad.exe","11516","RegOpenKey","HKCU\Software\Classes\CLSID\{E018945B-AA86-4008-9BD4-6777A1E40C11}\InprocHandler32","NAME NOT FOUND","Desired Access: Query Value"
"10:49:07,7609015","Notepad.exe","11516","RegQueryKey","HKCR\CLSID\{E018945B-AA86-4008-9BD4-6777A1E40C11}","SUCCESS","Query: HandleTags, HandleTags: 0x0"
"10:49:07,7609112","Notepad.exe","11516","RegOpenKey","HKCR\CLSID\{E018945B-AA86-4008-9BD4-6777A1E40C11}\InprocHandler32","NAME NOT FOUND","Desired Access: Query Value"
"10:49:07,7609218","Notepad.exe","11516","RegQueryKey","HKCR\CLSID\{E018945B-AA86-4008-9BD4-6777A1E40C11}","SUCCESS","Query: Name"
"10:49:07,7609318","Notepad.exe","11516","RegQueryKey","HKCR\CLSID\{E018945B-AA86-4008-9BD4-6777A1E40C11}","SUCCESS","Query: Name"
"10:49:07,7609413","Notepad.exe","11516","RegQueryKey","HKCR\CLSID\{E018945B-AA86-4008-9BD4-6777A1E40C11}","SUCCESS","Query: HandleTags, HandleTags: 0x0"
"10:49:07,7609524","Notepad.exe","11516","RegOpenKey","HKCU\Software\Classes\CLSID\{E018945B-AA86-4008-9BD4-6777A1E40C11}\InprocHandler","NAME NOT FOUND","Desired Access: Query Value"
"10:49:07,7609667","Notepad.exe","11516","RegQueryKey","HKCR\CLSID\{E018945B-AA86-4008-9BD4-6777A1E40C11}","SUCCESS","Query: HandleTags, HandleTags: 0x0"
"10:49:07,7609766","Notepad.exe","11516","RegOpenKey","HKCR\CLSID\{E018945B-AA86-4008-9BD4-6777A1E40C11}\InprocHandler","NAME NOT FOUND","Desired Access: Query Value"
"10:49:07,7609864","Notepad.exe","11516","RegQueryKey","HKCR\CLSID\{E018945B-AA86-4008-9BD4-6777A1E40C11}","SUCCESS","Query: Name"
"10:49:07,7609977","Notepad.exe","11516","RegCloseKey","HKCR\CLSID\{E018945B-AA86-4008-9BD4-6777A1E40C11}","SUCCESS",""
"10:49:07,7610360","Notepad.exe","11516","RegOpenKey","HKCR\PackagedCom\TreatAsClassIndex","NAME NOT FOUND","Desired Access: Read"
"10:49:07,7610564","Notepad.exe","11516","RegOpenKey","HKCR\PackagedCom\ClassIndex\{E018945B-AA86-4008-9BD4-6777A1E40C11}","NAME NOT FOUND","Desired Access: Read"
"10:49:07,7610934","Notepad.exe","11516","RegOpenKey","HKCR\PackagedCom\TreatAsClassIndex","NAME NOT FOUND","Desired Access: Read"
"10:49:07,7611087","Notepad.exe","11516","RegOpenKey","HKCR\PackagedCom\ClassIndex\{E018945B-AA86-4008-9BD4-6777A1E40C11}","NAME NOT FOUND","Desired Access: Read"
"10:49:07,7611310","Notepad.exe","11516","RegQueryKey","\REGISTRY\WC\Silo480a25d5-cec8-60cc-d5df-02e80f443476user_classes","SUCCESS","Query: Name"
"10:49:07,7611417","Notepad.exe","11516","RegQueryKey","\REGISTRY\WC\Silo480a25d5-cec8-60cc-d5df-02e80f443476user_classes","SUCCESS","Query: HandleTags, HandleTags: 0x0"
"10:49:07,7611500","Notepad.exe","11516","RegQueryKey","\REGISTRY\WC\Silo480a25d5-cec8-60cc-d5df-02e80f443476user_classes","SUCCESS","Query: HandleTags, HandleTags: 0x0"
"10:49:07,7611594","Notepad.exe","11516","RegOpenKey","\REGISTRY\WC\Silo480a25d5-cec8-60cc-d5df-02e80f443476user_classes\CLSID\{E018945B-AA86-4008-9BD4-6777A1E40C11}","NAME NOT FOUND","Desired Access: Read"
"10:49:07,7611732","Notepad.exe","11516","RegOpenKey","HKCR\CLSID\{E018945B-AA86-4008-9BD4-6777A1E40C11}","REPARSE GLOBAL","Desired Access: Read"
"10:49:07,7611887","Notepad.exe","11516","RegOpenKey","HKCR\CLSID\{E018945B-AA86-4008-9BD4-6777A1E40C11}","SUCCESS","Desired Access: Read"
"10:49:07,7612007","Notepad.exe","11516","RegQueryKey","HKCR\CLSID\{E018945B-AA86-4008-9BD4-6777A1E40C11}","SUCCESS","Query: Name"
"10:49:07,7612104","Notepad.exe","11516","RegQueryKey","HKCR\CLSID\{E018945B-AA86-4008-9BD4-6777A1E40C11}","SUCCESS","Query: HandleTags, HandleTags: 0x0"
"10:49:07,7612211","Notepad.exe","11516","RegOpenKey","HKCU\Software\Classes\CLSID\{E018945B-AA86-4008-9BD4-6777A1E40C11}\TreatAs","NAME NOT FOUND","Desired Access: Query Value"
"10:49:07,7612360","Notepad.exe","11516","RegQueryKey","HKCR\CLSID\{E018945B-AA86-4008-9BD4-6777A1E40C11}","SUCCESS","Query: HandleTags, HandleTags: 0x0"
"10:49:07,7612451","Notepad.exe","11516","RegOpenKey","HKCR\CLSID\{E018945B-AA86-4008-9BD4-6777A1E40C11}\TreatAs","NAME NOT FOUND","Desired Access: Query Value"
"10:49:07,7612559","Notepad.exe","11516","RegQueryKey","HKCR\CLSID\{E018945B-AA86-4008-9BD4-6777A1E40C11}","SUCCESS","Query: Name"
"10:49:07,7612659","Notepad.exe","11516","RegQueryKey","HKCR\CLSID\{E018945B-AA86-4008-9BD4-6777A1E40C11}","SUCCESS","Query: Name"
"10:49:07,7612779","Notepad.exe","11516","RegQueryKey","HKCR\CLSID\{E018945B-AA86-4008-9BD4-6777A1E40C11}","SUCCESS","Query: Name"
"10:49:07,7612881","Notepad.exe","11516","RegQueryKey","HKCR\CLSID\{E018945B-AA86-4008-9BD4-6777A1E40C11}","SUCCESS","Query: HandleTags, HandleTags: 0x0"
"10:49:07,7612985","Notepad.exe","11516","RegOpenKey","HKCU\Software\Classes\CLSID\{E018945B-AA86-4008-9BD4-6777A1E40C11}","NAME NOT FOUND","Desired Access: Maximum Allowed"
"10:49:07,7613134","Notepad.exe","11516","RegQueryValue","HKCR\CLSID\{E018945B-AA86-4008-9BD4-6777A1E40C11}\ActivateOnHostFlags","NAME NOT FOUND","Length: 16"
"10:49:07,7613226","Notepad.exe","11516","RegQueryKey","HKCR\CLSID\{E018945B-AA86-4008-9BD4-6777A1E40C11}","SUCCESS","Query: Name"
"10:49:07,7613329","Notepad.exe","11516","RegQueryKey","HKCR\CLSID\{E018945B-AA86-4008-9BD4-6777A1E40C11}","SUCCESS","Query: HandleTags, HandleTags: 0x0"
"10:49:07,7613432","Notepad.exe","11516","RegOpenKey","HKCU\Software\Classes\CLSID\{E018945B-AA86-4008-9BD4-6777A1E40C11}","NAME NOT FOUND","Desired Access: Maximum Allowed"
"10:49:07,7613581","Notepad.exe","11516","RegQueryValue","HKCR\CLSID\{E018945B-AA86-4008-9BD4-6777A1E40C11}\(Default)","NAME NOT FOUND","Length: 12"
"10:49:07,7613671","Notepad.exe","11516","RegQueryKey","HKCR\CLSID\{E018945B-AA86-4008-9BD4-6777A1E40C11}","SUCCESS","Query: Name"
"10:49:07,7613772","Notepad.exe","11516","RegQueryKey","HKCR\CLSID\{E018945B-AA86-4008-9BD4-6777A1E40C11}","SUCCESS","Query: HandleTags, HandleTags: 0x0"
"10:49:07,7613877","Notepad.exe","11516","RegOpenKey","HKCU\Software\Classes\CLSID\{E018945B-AA86-4008-9BD4-6777A1E40C11}\InprocServer32","NAME NOT FOUND","Desired Access: Read"
"10:49:07,7614026","Notepad.exe","11516","RegQueryKey","HKCR\CLSID\{E018945B-AA86-4008-9BD4-6777A1E40C11}","SUCCESS","Query: HandleTags, HandleTags: 0x0"
"10:49:07,7614117","Notepad.exe","11516","RegOpenKey","HKCR\CLSID\{E018945B-AA86-4008-9BD4-6777A1E40C11}\InprocServer32","SUCCESS","Desired Access: Read"
"10:49:07,7614237","Notepad.exe","11516","RegQueryKey","HKCR\CLSID\{E018945B-AA86-4008-9BD4-6777A1E40C11}\InProcServer32","SUCCESS","Query: Name"
"10:49:07,7614378","Notepad.exe","11516","RegQueryKey","HKCR\CLSID\{E018945B-AA86-4008-9BD4-6777A1E40C11}\InProcServer32","SUCCESS","Query: HandleTags, HandleTags: 0x0"
"10:49:07,7614530","Notepad.exe","11516","RegOpenKey","HKCU\Software\Classes\CLSID\{E018945B-AA86-4008-9BD4-6777A1E40C11}\InprocServer32","NAME NOT FOUND","Desired Access: Maximum Allowed"
"10:49:07,7614716","Notepad.exe","11516","RegQueryValue","HKCR\CLSID\{E018945B-AA86-4008-9BD4-6777A1E40C11}\InProcServer32\InprocServer32","NAME NOT FOUND","Length: 12"
"10:49:07,7614832","Notepad.exe","11516","RegQueryKey","HKCR\CLSID\{E018945B-AA86-4008-9BD4-6777A1E40C11}\InProcServer32","SUCCESS","Query: Name"
"10:49:07,7614963","Notepad.exe","11516","RegQueryKey","HKCR\CLSID\{E018945B-AA86-4008-9BD4-6777A1E40C11}\InProcServer32","SUCCESS","Query: HandleTags, HandleTags: 0x0"
"10:49:07,7615105","Notepad.exe","11516","RegOpenKey","HKCU\Software\Classes\CLSID\{E018945B-AA86-4008-9BD4-6777A1E40C11}\InprocServer32","NAME NOT FOUND","Desired Access: Maximum Allowed"
"10:49:07,7615315","Notepad.exe","11516","RegQueryValue","HKCR\CLSID\{E018945B-AA86-4008-9BD4-6777A1E40C11}\InProcServer32\(Default)","BUFFER OVERFLOW","Length: 12"
"10:49:07,7615436","Notepad.exe","11516","RegQueryKey","HKCR\CLSID\{E018945B-AA86-4008-9BD4-6777A1E40C11}\InProcServer32","SUCCESS","Query: Name"
"10:49:07,7615628","Notepad.exe","11516","RegQueryKey","HKCR\CLSID\{E018945B-AA86-4008-9BD4-6777A1E40C11}\InProcServer32","SUCCESS","Query: HandleTags, HandleTags: 0x0"
"10:49:07,7615765","Notepad.exe","11516","RegOpenKey","HKCU\Software\Classes\CLSID\{E018945B-AA86-4008-9BD4-6777A1E40C11}\InprocServer32","NAME NOT FOUND","Desired Access: Maximum Allowed"
"10:49:07,7615963","Notepad.exe","11516","RegQueryValue","HKCR\CLSID\{E018945B-AA86-4008-9BD4-6777A1E40C11}\InProcServer32\(Default)","SUCCESS","Type: REG_SZ, Length: 76, Data: C:\Windows\System32\windowscodecs.dll"
"10:49:07,7616108","Notepad.exe","11516","RegQueryKey","HKCR\CLSID\{E018945B-AA86-4008-9BD4-6777A1E40C11}\InProcServer32","SUCCESS","Query: Name"
"10:49:07,7616239","Notepad.exe","11516","RegQueryKey","HKCR\CLSID\{E018945B-AA86-4008-9BD4-6777A1E40C11}\InProcServer32","SUCCESS","Query: HandleTags, HandleTags: 0x0"
"10:49:07,7616383","Notepad.exe","11516","RegOpenKey","HKCU\Software\Classes\CLSID\{E018945B-AA86-4008-9BD4-6777A1E40C11}\InprocServer32","NAME NOT FOUND","Desired Access: Maximum Allowed"
"10:49:07,7616576","Notepad.exe","11516","RegQueryValue","HKCR\CLSID\{E018945B-AA86-4008-9BD4-6777A1E40C11}\InProcServer32\ThreadingModel","SUCCESS","Type: REG_SZ, Length: 10, Data: Both"
"10:49:07,7616720","Notepad.exe","11516","RegCloseKey","HKCR\CLSID\{E018945B-AA86-4008-9BD4-6777A1E40C11}\InProcServer32","SUCCESS",""
"10:49:07,7616884","Notepad.exe","11516","RegQueryKey","HKCR\CLSID\{E018945B-AA86-4008-9BD4-6777A1E40C11}","SUCCESS","Query: Name"
"10:49:07,7617031","Notepad.exe","11516","RegQueryKey","HKCR\CLSID\{E018945B-AA86-4008-9BD4-6777A1E40C11}","SUCCESS","Query: HandleTags, HandleTags: 0x0"
"10:49:07,7617176","Notepad.exe","11516","RegOpenKey","HKCU\Software\Classes\CLSID\{E018945B-AA86-4008-9BD4-6777A1E40C11}\InprocHandler32","NAME NOT FOUND","Desired Access: Query Value"
"10:49:07,7617389","Notepad.exe","11516","RegQueryKey","HKCR\CLSID\{E018945B-AA86-4008-9BD4-6777A1E40C11}","SUCCESS","Query: HandleTags, HandleTags: 0x0"
"10:49:07,7617535","Notepad.exe","11516","RegOpenKey","HKCR\CLSID\{E018945B-AA86-4008-9BD4-6777A1E40C11}\InprocHandler32","NAME NOT FOUND","Desired Access: Query Value"
"10:49:07,7617711","Notepad.exe","11516","RegQueryKey","HKCR\CLSID\{E018945B-AA86-4008-9BD4-6777A1E40C11}","SUCCESS","Query: Name"
"10:49:07,7617869","Notepad.exe","11516","RegQueryKey","HKCR\CLSID\{E018945B-AA86-4008-9BD4-6777A1E40C11}","SUCCESS","Query: Name"
"10:49:07,7618001","Notepad.exe","11516","RegQueryKey","HKCR\CLSID\{E018945B-AA86-4008-9BD4-6777A1E40C11}","SUCCESS","Query: HandleTags, HandleTags: 0x0"
"10:49:07,7618162","Notepad.exe","11516","RegOpenKey","HKCU\Software\Classes\CLSID\{E018945B-AA86-4008-9BD4-6777A1E40C11}\InprocHandler","NAME NOT FOUND","Desired Access: Query Value"
"10:49:07,7618489","Notepad.exe","11516","RegQueryKey","HKCR\CLSID\{E018945B-AA86-4008-9BD4-6777A1E40C11}","SUCCESS","Query: HandleTags, HandleTags: 0x0"
"10:49:07,7618613","Notepad.exe","11516","RegOpenKey","HKCR\CLSID\{E018945B-AA86-4008-9BD4-6777A1E40C11}\InprocHandler","NAME NOT FOUND","Desired Access: Query Value"
"10:49:07,7618754","Notepad.exe","11516","RegQueryKey","HKCR\CLSID\{E018945B-AA86-4008-9BD4-6777A1E40C11}","SUCCESS","Query: Name"
"10:49:07,7618917","Notepad.exe","11516","RegQueryKey","HKCR\CLSID\{E018945B-AA86-4008-9BD4-6777A1E40C11}","SUCCESS","Query: Name"
"10:49:07,7619047","Notepad.exe","11516","RegQueryKey","HKCR\CLSID\{E018945B-AA86-4008-9BD4-6777A1E40C11}","SUCCESS","Query: HandleTags, HandleTags: 0x0"
"10:49:07,7619191","Notepad.exe","11516","RegOpenKey","HKCU\Software\Classes\CLSID\{E018945B-AA86-4008-9BD4-6777A1E40C11}\LocalServer32","NAME NOT FOUND","Desired Access: Read"
"10:49:07,7619400","Notepad.exe","11516","RegQueryKey","HKCR\CLSID\{E018945B-AA86-4008-9BD4-6777A1E40C11}","SUCCESS","Query: HandleTags, HandleTags: 0x0"
"10:49:07,7619518","Notepad.exe","11516","RegOpenKey","HKCR\CLSID\{E018945B-AA86-4008-9BD4-6777A1E40C11}\LocalServer32","NAME NOT FOUND","Desired Access: Read"
"10:49:07,7619664","Notepad.exe","11516","RegQueryKey","HKCR\CLSID\{E018945B-AA86-4008-9BD4-6777A1E40C11}","SUCCESS","Query: Name"
"10:49:07,7619822","Notepad.exe","11516","RegQueryKey","HKCR\CLSID\{E018945B-AA86-4008-9BD4-6777A1E40C11}","SUCCESS","Query: Name"
"10:49:07,7619977","Notepad.exe","11516","RegQueryKey","HKCR\CLSID\{E018945B-AA86-4008-9BD4-6777A1E40C11}","SUCCESS","Query: HandleTags, HandleTags: 0x0"
"10:49:07,7620142","Notepad.exe","11516","RegOpenKey","HKCU\Software\Classes\CLSID\{E018945B-AA86-4008-9BD4-6777A1E40C11}","NAME NOT FOUND","Desired Access: Maximum Allowed"
"10:49:07,7620389","Notepad.exe","11516","RegQueryValue","HKCR\CLSID\{E018945B-AA86-4008-9BD4-6777A1E40C11}\AppID","NAME NOT FOUND","Length: 112"
"10:49:07,7620647","Notepad.exe","11516","RegQueryKey","HKCR\CLSID\{E018945B-AA86-4008-9BD4-6777A1E40C11}","SUCCESS","Query: Name"
"10:49:07,7620794","Notepad.exe","11516","RegQueryKey","HKCR\CLSID\{E018945B-AA86-4008-9BD4-6777A1E40C11}","SUCCESS","Query: HandleTags, HandleTags: 0x0"
"10:49:07,7620963","Notepad.exe","11516","RegOpenKey","HKCU\Software\Classes\CLSID\{E018945B-AA86-4008-9BD4-6777A1E40C11}\LocalServer","NAME NOT FOUND","Desired Access: Query Value"
"10:49:07,7621191","Notepad.exe","11516","RegQueryKey","HKCR\CLSID\{E018945B-AA86-4008-9BD4-6777A1E40C11}","SUCCESS","Query: HandleTags, HandleTags: 0x0"
"10:49:07,7621325","Notepad.exe","11516","RegOpenKey","HKCR\CLSID\{E018945B-AA86-4008-9BD4-6777A1E40C11}\LocalServer","NAME NOT FOUND","Desired Access: Query Value"
"10:49:07,7621475","Notepad.exe","11516","RegQueryKey","HKCR\CLSID\{E018945B-AA86-4008-9BD4-6777A1E40C11}","SUCCESS","Query: Name"
"10:49:07,7621627","Notepad.exe","11516","RegQueryKey","\REGISTRY\WC\Silo480a25d5-cec8-60cc-d5df-02e80f443476user_classes","SUCCESS","Query: Name"
"10:49:07,7621787","Notepad.exe","11516","RegQueryKey","\REGISTRY\WC\Silo480a25d5-cec8-60cc-d5df-02e80f443476user_classes","SUCCESS","Query: HandleTags, HandleTags: 0x0"
"10:49:07,7621909","Notepad.exe","11516","RegQueryKey","\REGISTRY\WC\Silo480a25d5-cec8-60cc-d5df-02e80f443476user_classes","SUCCESS","Query: HandleTags, HandleTags: 0x0"
"10:49:07,7622043","Notepad.exe","11516","RegOpenKey","\REGISTRY\WC\Silo480a25d5-cec8-60cc-d5df-02e80f443476user_classes\CLSID\{E018945B-AA86-4008-9BD4-6777A1E40C11}","NAME NOT FOUND","Desired Access: Read"
"10:49:07,7622332","Notepad.exe","11516","RegOpenKey","HKCR\CLSID\{E018945B-AA86-4008-9BD4-6777A1E40C11}","REPARSE GLOBAL","Desired Access: Read"
"10:49:07,7622362","Notepad.exe","11516","LockFile","C:\Users\arina\AppData\LocalLow\dbb17a6be212ef685ba97fbba526dd2acf51c2e342e255cd4905a3ef0d0cc239","SUCCESS","Exclusive: True, Offset: 0, Length: 4 294 967 295, Fail Immediately: False"
"10:49:07,7622619","Notepad.exe","11516","QueryBasicInformationFile","C:\Users\arina\AppData\LocalLow\dbb17a6be212ef685ba97fbba526dd2acf51c2e342e255cd4905a3ef0d0cc239","SUCCESS","CreationTime: 13.08.2025 21:25:10, LastAccessTime: 06.06.2026 15:19:55, LastWriteTime: 06.06.2026 15:19:55, ChangeTime: 25.09.2026 21:07:42, FileAttributes: ANCI"
"10:49:07,7622626","Notepad.exe","11516","RegOpenKey","HKCR\CLSID\{E018945B-AA86-4008-9BD4-6777A1E40C11}","SUCCESS","Desired Access: Read"
"10:49:07,7622856","Notepad.exe","11516","UnlockFileSingle","C:\Users\arina\AppData\LocalLow\dbb17a6be212ef685ba97fbba526dd2acf51c2e342e255cd4905a3ef0d0cc239","SUCCESS","Offset: 0, Length: 4 294 967 295"
"10:49:07,7622871","Notepad.exe","11516","RegQueryKey","HKCR\CLSID\{E018945B-AA86-4008-9BD4-6777A1E40C11}","SUCCESS","Query: Name"
"10:49:07,7623029","Notepad.exe","11516","RegQueryKey","HKCR\CLSID\{E018945B-AA86-4008-9BD4-6777A1E40C11}","SUCCESS","Query: HandleTags, HandleTags: 0x0"
"10:49:07,7623198","Notepad.exe","11516","RegOpenKey","HKCU\Software\Classes\CLSID\{E018945B-AA86-4008-9BD4-6777A1E40C11}\Elevation","NAME NOT FOUND","Desired Access: Read"
"10:49:07,7623542","Notepad.exe","11516","RegQueryKey","HKCR\CLSID\{E018945B-AA86-4008-9BD4-6777A1E40C11}","SUCCESS","Query: HandleTags, HandleTags: 0x0"
"10:49:07,7623668","Notepad.exe","11516","RegOpenKey","HKCR\CLSID\{E018945B-AA86-4008-9BD4-6777A1E40C11}\Elevation","NAME NOT FOUND","Desired Access: Read"
"10:49:07,7624169","Notepad.exe","11516","RegQueryKey","HKCR\CLSID\{E018945B-AA86-4008-9BD4-6777A1E40C11}","SUCCESS","Query: Name"
"10:49:07,7624360","Notepad.exe","11516","RegCloseKey","HKCR\CLSID\{E018945B-AA86-4008-9BD4-6777A1E40C11}","SUCCESS",""
"10:49:07,7624529","Notepad.exe","11516","RegCloseKey","HKCR\CLSID\{E018945B-AA86-4008-9BD4-6777A1E40C11}","SUCCESS",""
"10:49:07,7624722","Notepad.exe","11516","RegQueryKey","\REGISTRY\WC\Silo480a25d5-cec8-60cc-d5df-02e80f443476user_classes","SUCCESS","Query: Name"
"10:49:07,7624881","Notepad.exe","11516","RegQueryKey","\REGISTRY\WC\Silo480a25d5-cec8-60cc-d5df-02e80f443476user_classes","SUCCESS","Query: HandleTags, HandleTags: 0x0"
"10:49:07,7624988","Notepad.exe","11516","RegQueryKey","\REGISTRY\WC\Silo480a25d5-cec8-60cc-d5df-02e80f443476user_classes","SUCCESS","Query: HandleTags, HandleTags: 0x0"
"10:49:07,7625122","Notepad.exe","11516","RegOpenKey","\REGISTRY\WC\Silo480a25d5-cec8-60cc-d5df-02e80f443476user_classes\CLSID\{E018945B-AA86-4008-9BD4-6777A1E40C11}","NAME NOT FOUND","Desired Access: Read"
"10:49:07,7625321","Notepad.exe","11516","RegOpenKey","HKCR\CLSID\{E018945B-AA86-4008-9BD4-6777A1E40C11}","REPARSE GLOBAL","Desired Access: Read"
"10:49:07,7625562","Notepad.exe","11516","RegOpenKey","HKCR\CLSID\{E018945B-AA86-4008-9BD4-6777A1E40C11}","SUCCESS","Desired Access: Read"
"10:49:07,7625745","Notepad.exe","11516","RegQueryKey","HKCR\CLSID\{E018945B-AA86-4008-9BD4-6777A1E40C11}","SUCCESS","Query: Name"
"10:49:07,7625892","Notepad.exe","11516","RegQueryKey","HKCR\CLSID\{E018945B-AA86-4008-9BD4-6777A1E40C11}","SUCCESS","Query: HandleTags, HandleTags: 0x0"
"10:49:07,7626032","Notepad.exe","11516","RegOpenKey","HKCU\Software\Classes\CLSID\{E018945B-AA86-4008-9BD4-6777A1E40C11}\TreatAs","NAME NOT FOUND","Desired Access: Read"
"10:49:07,7626235","Notepad.exe","11516","RegQueryKey","HKCR\CLSID\{E018945B-AA86-4008-9BD4-6777A1E40C11}","SUCCESS","Query: HandleTags, HandleTags: 0x0"
"10:49:07,7626365","Notepad.exe","11516","RegOpenKey","HKCR\CLSID\{E018945B-AA86-4008-9BD4-6777A1E40C11}\TreatAs","NAME NOT FOUND","Desired Access: Read"
"10:49:07,7626505","Notepad.exe","11516","RegQueryKey","HKCR\CLSID\{E018945B-AA86-4008-9BD4-6777A1E40C11}","SUCCESS","Query: Name"
"10:49:07,7626674","Notepad.exe","11516","RegCloseKey","HKCR\CLSID\{E018945B-AA86-4008-9BD4-6777A1E40C11}","SUCCESS",""
"10:49:07,7677947","Notepad.exe","11516","LockFile","C:\Users\arina\AppData\LocalLow\dbb17a6be212ef685ba97fbba526dd2acf51c2e342e255cd4905a3ef0d0cc239","SUCCESS","Exclusive: True, Offset: 0, Length: 4 294 967 295, Fail Immediately: False"
"10:49:07,7678189","Notepad.exe","11516","QueryBasicInformationFile","C:\Users\arina\AppData\LocalLow\dbb17a6be212ef685ba97fbba526dd2acf51c2e342e255cd4905a3ef0d0cc239","SUCCESS","CreationTime: 13.08.2025 21:25:10, LastAccessTime: 06.06.2026 15:19:55, LastWriteTime: 06.06.2026 15:19:55, ChangeTime: 25.09.2026 21:07:42, FileAttributes: ANCI"
"10:49:07,7678524","Notepad.exe","11516","UnlockFileSingle","C:\Users\arina\AppData\LocalLow\dbb17a6be212ef685ba97fbba526dd2acf51c2e342e255cd4905a3ef0d0cc239","SUCCESS","Offset: 0, Length: 4 294 967 295"
"10:49:07,7712171","Notepad.exe","11516","RegQueryKey","\REGISTRY\WC\Silo480a25d5-cec8-60cc-d5df-02e80f443476user_classes","SUCCESS","Query: Name"
"10:49:07,7712424","Notepad.exe","11516","RegQueryKey","\REGISTRY\WC\Silo480a25d5-cec8-60cc-d5df-02e80f443476user_classes","SUCCESS","Query: HandleTags, HandleTags: 0x0"
"10:49:07,7712530","Notepad.exe","11516","RegQueryKey","\REGISTRY\WC\Silo480a25d5-cec8-60cc-d5df-02e80f443476user_classes","SUCCESS","Query: HandleTags, HandleTags: 0x0"
"10:49:07,7712680","Notepad.exe","11516","RegOpenKey","\REGISTRY\WC\Silo480a25d5-cec8-60cc-d5df-02e80f443476user_classes\Interface\{61EBF5C7-EFEA-4346-9554-981D7E198FFE}","NAME NOT FOUND","Desired Access: Read"
"10:49:07,7713042","Notepad.exe","11516","RegOpenKey","HKCR\Interface\{61EBF5C7-EFEA-4346-9554-981D7E198FFE}","REPARSE GLOBAL","Desired Access: Read"
"10:49:07,7713420","Notepad.exe","11516","RegOpenKey","HKCR\Interface\{61EBF5C7-EFEA-4346-9554-981D7E198FFE}","SUCCESS","Desired Access: Read"
"10:49:07,7713590","Notepad.exe","11516","RegQueryKey","HKCR\Interface\{61EBF5C7-EFEA-4346-9554-981D7E198FFE}","SUCCESS","Query: Name"
"10:49:07,7713703","Notepad.exe","11516","RegQueryKey","HKCR\Interface\{61EBF5C7-EFEA-4346-9554-981D7E198FFE}","SUCCESS","Query: HandleTags, HandleTags: 0x0"
"10:49:07,7713846","Notepad.exe","11516","RegOpenKey","HKCU\Software\Classes\Interface\{61EBF5C7-EFEA-4346-9554-981D7E198FFE}\ProxyStubClsid32","NAME NOT FOUND","Desired Access: Read"
"10:49:07,7714020","Notepad.exe","11516","RegQueryKey","HKCR\Interface\{61EBF5C7-EFEA-4346-9554-981D7E198FFE}","SUCCESS","Query: HandleTags, HandleTags: 0x0"
"10:49:07,7714118","Notepad.exe","11516","RegOpenKey","HKCR\Interface\{61EBF5C7-EFEA-4346-9554-981D7E198FFE}\ProxyStubClsid32","SUCCESS","Desired Access: Read"
"10:49:07,7714286","Notepad.exe","11516","RegQueryKey","HKCR\Interface\{61EBF5C7-EFEA-4346-9554-981D7E198FFE}\ProxyStubClsid32","SUCCESS","Query: Name"
"10:49:07,7714395","Notepad.exe","11516","RegQueryKey","HKCR\Interface\{61EBF5C7-EFEA-4346-9554-981D7E198FFE}\ProxyStubClsid32","SUCCESS","Query: HandleTags, HandleTags: 0x0"
"10:49:07,7714498","Notepad.exe","11516","RegOpenKey","HKCU\Software\Classes\Interface\{61EBF5C7-EFEA-4346-9554-981D7E198FFE}\ProxyStubClsid32","NAME NOT FOUND","Desired Access: Maximum Allowed"
"10:49:07,7714667","Notepad.exe","11516","RegQueryValue","HKCR\Interface\{61EBF5C7-EFEA-4346-9554-981D7E198FFE}\ProxyStubClsid32\(Default)","SUCCESS","Type: REG_SZ, Length: 78, Data: {95E15D0A-66E6-93D9-C53C-76E6219D3341}"
"10:49:07,7714822","Notepad.exe","11516","RegCloseKey","HKCR\Interface\{61EBF5C7-EFEA-4346-9554-981D7E198FFE}\ProxyStubClsid32","SUCCESS",""
"10:49:07,7714950","Notepad.exe","11516","RegCloseKey","HKCR\Interface\{61EBF5C7-EFEA-4346-9554-981D7E198FFE}","SUCCESS",""
"10:49:07,7718934","Notepad.exe","11516","RegQueryKey","\REGISTRY\WC\Silo480a25d5-cec8-60cc-d5df-02e80f443476user_classes","SUCCESS","Query: Name"
"10:49:07,7719174","Notepad.exe","11516","RegQueryKey","\REGISTRY\WC\Silo480a25d5-cec8-60cc-d5df-02e80f443476user_classes","SUCCESS","Query: HandleTags, HandleTags: 0x0"
"10:49:07,7719292","Notepad.exe","11516","RegQueryKey","\REGISTRY\WC\Silo480a25d5-cec8-60cc-d5df-02e80f443476user_classes","SUCCESS","Query: HandleTags, HandleTags: 0x0"
"10:49:07,7719417","Notepad.exe","11516","RegOpenKey","\REGISTRY\WC\Silo480a25d5-cec8-60cc-d5df-02e80f443476user_classes\Interface\{CD1C0BA1-0CCB-4A33-9652-FE27A738C219}","NAME NOT FOUND","Desired Access: Read"
"10:49:07,7719860","Notepad.exe","11516","RegOpenKey","HKCR\Interface\{CD1C0BA1-0CCB-4A33-9652-FE27A738C219}","REPARSE GLOBAL","Desired Access: Read"
"10:49:07,7720321","Notepad.exe","11516","RegOpenKey","HKCR\Interface\{CD1C0BA1-0CCB-4A33-9652-FE27A738C219}","SUCCESS","Desired Access: Read"
"10:49:07,7720474","Notepad.exe","11516","RegQueryKey","HKCR\Interface\{CD1C0BA1-0CCB-4A33-9652-FE27A738C219}","SUCCESS","Query: Name"
"10:49:07,7720585","Notepad.exe","11516","RegQueryKey","HKCR\Interface\{CD1C0BA1-0CCB-4A33-9652-FE27A738C219}","SUCCESS","Query: HandleTags, HandleTags: 0x0"
"10:49:07,7720863","Notepad.exe","11516","RegOpenKey","HKCU\Software\Classes\Interface\{CD1C0BA1-0CCB-4A33-9652-FE27A738C219}\ProxyStubClsid32","NAME NOT FOUND","Desired Access: Read"
"10:49:07,7721032","Notepad.exe","11516","RegQueryKey","HKCR\Interface\{CD1C0BA1-0CCB-4A33-9652-FE27A738C219}","SUCCESS","Query: HandleTags, HandleTags: 0x0"
"10:49:07,7721125","Notepad.exe","11516","RegOpenKey","HKCR\Interface\{CD1C0BA1-0CCB-4A33-9652-FE27A738C219}\ProxyStubClsid32","SUCCESS","Desired Access: Read"
"10:49:07,7721282","Notepad.exe","11516","RegQueryKey","HKCR\Interface\{CD1C0BA1-0CCB-4A33-9652-FE27A738C219}\ProxyStubClsid32","SUCCESS","Query: Name"
"10:49:07,7721389","Notepad.exe","11516","RegQueryKey","HKCR\Interface\{CD1C0BA1-0CCB-4A33-9652-FE27A738C219}\ProxyStubClsid32","SUCCESS","Query: HandleTags, HandleTags: 0x0"
"10:49:07,7721489","Notepad.exe","11516","RegOpenKey","HKCU\Software\Classes\Interface\{CD1C0BA1-0CCB-4A33-9652-FE27A738C219}\ProxyStubClsid32","NAME NOT FOUND","Desired Access: Maximum Allowed"
"10:49:07,7721655","Notepad.exe","11516","RegQueryValue","HKCR\Interface\{CD1C0BA1-0CCB-4A33-9652-FE27A738C219}\ProxyStubClsid32\(Default)","SUCCESS","Type: REG_SZ, Length: 78, Data: {95E15D0A-66E6-93D9-C53C-76E6219D3341}"
"10:49:07,7721782","Notepad.exe","11516","RegCloseKey","HKCR\Interface\{CD1C0BA1-0CCB-4A33-9652-FE27A738C219}\ProxyStubClsid32","SUCCESS",""
"10:49:07,7721916","Notepad.exe","11516","RegCloseKey","HKCR\Interface\{CD1C0BA1-0CCB-4A33-9652-FE27A738C219}","SUCCESS",""
"10:49:07,7732573","Notepad.exe","11516","RegQueryKey","\REGISTRY\WC\Silo480a25d5-cec8-60cc-d5df-02e80f443476user_classes","SUCCESS","Query: Name"
"10:49:07,7732734","Notepad.exe","11516","RegQueryKey","\REGISTRY\WC\Silo480a25d5-cec8-60cc-d5df-02e80f443476user_classes","SUCCESS","Query: HandleTags, HandleTags: 0x0"
"10:49:07,7732820","Notepad.exe","11516","RegQueryKey","\REGISTRY\WC\Silo480a25d5-cec8-60cc-d5df-02e80f443476user_classes","SUCCESS","Query: HandleTags, HandleTags: 0x0"
"10:49:07,7733026","Notepad.exe","11516","RegOpenKey","\REGISTRY\WC\Silo480a25d5-cec8-60cc-d5df-02e80f443476user_classes\Interface\{7B840471-5900-4D85-A90B-10CB85FE3552}","NAME NOT FOUND","Desired Access: Read"
"10:49:07,7733323","Notepad.exe","11516","RegOpenKey","HKCR\Interface\{7B840471-5900-4D85-A90B-10CB85FE3552}","REPARSE GLOBAL","Desired Access: Read"
"10:49:07,7733650","Notepad.exe","11516","RegOpenKey","HKCR\Interface\{7B840471-5900-4D85-A90B-10CB85FE3552}","SUCCESS","Desired Access: Read"
"10:49:07,7733798","Notepad.exe","11516","RegQueryKey","HKCR\Interface\{7B840471-5900-4D85-A90B-10CB85FE3552}","SUCCESS","Query: Name"
"10:49:07,7733909","Notepad.exe","11516","RegQueryKey","HKCR\Interface\{7B840471-5900-4D85-A90B-10CB85FE3552}","SUCCESS","Query: HandleTags, HandleTags: 0x0"
"10:49:07,7734120","Notepad.exe","11516","RegOpenKey","HKCU\Software\Classes\Interface\{7B840471-5900-4D85-A90B-10CB85FE3552}\ProxyStubClsid32","NAME NOT FOUND","Desired Access: Read"
"10:49:07,7734285","Notepad.exe","11516","RegQueryKey","HKCR\Interface\{7B840471-5900-4D85-A90B-10CB85FE3552}","SUCCESS","Query: HandleTags, HandleTags: 0x0"
"10:49:07,7734390","Notepad.exe","11516","RegOpenKey","HKCR\Interface\{7B840471-5900-4D85-A90B-10CB85FE3552}\ProxyStubClsid32","SUCCESS","Desired Access: Read"
"10:49:07,7734541","Notepad.exe","11516","RegQueryKey","HKCR\Interface\{7B840471-5900-4D85-A90B-10CB85FE3552}\ProxyStubClsid32","SUCCESS","Query: Name"
"10:49:07,7734641","Notepad.exe","11516","RegQueryKey","HKCR\Interface\{7B840471-5900-4D85-A90B-10CB85FE3552}\ProxyStubClsid32","SUCCESS","Query: HandleTags, HandleTags: 0x0"
"10:49:07,7734741","Notepad.exe","11516","RegOpenKey","HKCU\Software\Classes\Interface\{7B840471-5900-4D85-A90B-10CB85FE3552}\ProxyStubClsid32","NAME NOT FOUND","Desired Access: Maximum Allowed"
"10:49:07,7734892","Notepad.exe","11516","RegQueryValue","HKCR\Interface\{7B840471-5900-4D85-A90B-10CB85FE3552}\ProxyStubClsid32\(Default)","SUCCESS","Type: REG_SZ, Length: 78, Data: {95E15D0A-66E6-93D9-C53C-76E6219D3341}"
"10:49:07,7735022","Notepad.exe","11516","RegCloseKey","HKCR\Interface\{7B840471-5900-4D85-A90B-10CB85FE3552}\ProxyStubClsid32","SUCCESS",""
"10:49:07,7735147","Notepad.exe","11516","RegCloseKey","HKCR\Interface\{7B840471-5900-4D85-A90B-10CB85FE3552}","SUCCESS",""
"10:49:07,7742252","Notepad.exe","11516","RegQueryKey","\REGISTRY\WC\Silo480a25d5-cec8-60cc-d5df-02e80f443476user_classes","SUCCESS","Query: Name"
"10:49:07,7742594","Notepad.exe","11516","RegQueryKey","\REGISTRY\WC\Silo480a25d5-cec8-60cc-d5df-02e80f443476user_classes","SUCCESS","Query: HandleTags, HandleTags: 0x0"
"10:49:07,7742677","Notepad.exe","11516","RegQueryKey","\REGISTRY\WC\Silo480a25d5-cec8-60cc-d5df-02e80f443476user_classes","SUCCESS","Query: HandleTags, HandleTags: 0x0"
"10:49:07,7742792","Notepad.exe","11516","RegOpenKey","\REGISTRY\WC\Silo480a25d5-cec8-60cc-d5df-02e80f443476user_classes\Interface\{3D25F6D6-4B2A-433C-9184-7C33AD35D001}","NAME NOT FOUND","Desired Access: Read"
"10:49:07,7743124","Notepad.exe","11516","RegOpenKey","HKCR\Interface\{3D25F6D6-4B2A-433C-9184-7C33AD35D001}","REPARSE GLOBAL","Desired Access: Read"
"10:49:07,7743419","Notepad.exe","11516","RegOpenKey","HKCR\Interface\{3D25F6D6-4B2A-433C-9184-7C33AD35D001}","SUCCESS","Desired Access: Read"
"10:49:07,7743571","Notepad.exe","11516","RegQueryKey","HKCR\Interface\{3D25F6D6-4B2A-433C-9184-7C33AD35D001}","SUCCESS","Query: Name"
"10:49:07,7743797","Notepad.exe","11516","RegQueryKey","HKCR\Interface\{3D25F6D6-4B2A-433C-9184-7C33AD35D001}","SUCCESS","Query: HandleTags, HandleTags: 0x0"
"10:49:07,7743919","Notepad.exe","11516","RegOpenKey","HKCU\Software\Classes\Interface\{3D25F6D6-4B2A-433C-9184-7C33AD35D001}\ProxyStubClsid32","NAME NOT FOUND","Desired Access: Read"
"10:49:07,7744096","Notepad.exe","11516","RegQueryKey","HKCR\Interface\{3D25F6D6-4B2A-433C-9184-7C33AD35D001}","SUCCESS","Query: HandleTags, HandleTags: 0x0"
"10:49:07,7744180","Notepad.exe","11516","RegOpenKey","HKCR\Interface\{3D25F6D6-4B2A-433C-9184-7C33AD35D001}\ProxyStubClsid32","SUCCESS","Desired Access: Read"
"10:49:07,7744324","Notepad.exe","11516","RegQueryKey","HKCR\Interface\{3D25F6D6-4B2A-433C-9184-7C33AD35D001}\ProxyStubClsid32","SUCCESS","Query: Name"
"10:49:07,7744424","Notepad.exe","11516","RegQueryKey","HKCR\Interface\{3D25F6D6-4B2A-433C-9184-7C33AD35D001}\ProxyStubClsid32","SUCCESS","Query: HandleTags, HandleTags: 0x0"
"10:49:07,7744524","Notepad.exe","11516","RegOpenKey","HKCU\Software\Classes\Interface\{3D25F6D6-4B2A-433C-9184-7C33AD35D001}\ProxyStubClsid32","NAME NOT FOUND","Desired Access: Maximum Allowed"
"10:49:07,7744676","Notepad.exe","11516","RegQueryValue","HKCR\Interface\{3D25F6D6-4B2A-433C-9184-7C33AD35D001}\ProxyStubClsid32\(Default)","SUCCESS","Type: REG_SZ, Length: 78, Data: {95E15D0A-66E6-93D9-C53C-76E6219D3341}"
"10:49:07,7744796","Notepad.exe","11516","RegCloseKey","HKCR\Interface\{3D25F6D6-4B2A-433C-9184-7C33AD35D001}\ProxyStubClsid32","SUCCESS",""
"10:49:07,7744913","Notepad.exe","11516","RegCloseKey","HKCR\Interface\{3D25F6D6-4B2A-433C-9184-7C33AD35D001}","SUCCESS",""
"10:49:07,7748895","Notepad.exe","11516","RegQueryKey","\REGISTRY\WC\Silo480a25d5-cec8-60cc-d5df-02e80f443476user_classes","SUCCESS","Query: Name"
"10:49:07,7749064","Notepad.exe","11516","RegQueryKey","\REGISTRY\WC\Silo480a25d5-cec8-60cc-d5df-02e80f443476user_classes","SUCCESS","Query: HandleTags, HandleTags: 0x0"
"10:49:07,7749161","Notepad.exe","11516","RegQueryKey","\REGISTRY\WC\Silo480a25d5-cec8-60cc-d5df-02e80f443476user_classes","SUCCESS","Query: HandleTags, HandleTags: 0x0"
"10:49:07,7749277","Notepad.exe","11516","RegOpenKey","\REGISTRY\WC\Silo480a25d5-cec8-60cc-d5df-02e80f443476user_classes\Interface\{0000010E-0000-0000-C000-000000000046}","NAME NOT FOUND","Desired Access: Read"
"10:49:07,7749600","Notepad.exe","11516","RegOpenKey","HKCR\Interface\{0000010E-0000-0000-C000-000000000046}","REPARSE GLOBAL","Desired Access: Read"
"10:49:07,7751722","Notepad.exe","11516","RegOpenKey","HKCR\Interface\{0000010e-0000-0000-C000-000000000046}","SUCCESS","Desired Access: Read"
"10:49:07,7752931","Notepad.exe","11516","RegQueryKey","HKCR\Interface\{0000010e-0000-0000-C000-000000000046}","SUCCESS","Query: Name"
"10:49:07,7753084","Notepad.exe","11516","RegQueryKey","HKCR\Interface\{0000010e-0000-0000-C000-000000000046}","SUCCESS","Query: HandleTags, HandleTags: 0x0"
"10:49:07,7755113","Notepad.exe","11516","RegOpenKey","HKCU\Software\Classes\Interface\{0000010E-0000-0000-C000-000000000046}\ProxyStubClsid32","NAME NOT FOUND","Desired Access: Read"
"10:49:07,7756923","Notepad.exe","11516","RegQueryKey","HKCR\Interface\{0000010e-0000-0000-C000-000000000046}","SUCCESS","Query: HandleTags, HandleTags: 0x0"
"10:49:07,7757018","Notepad.exe","11516","RegOpenKey","HKCR\Interface\{0000010e-0000-0000-C000-000000000046}\ProxyStubClsid32","SUCCESS","Desired Access: Read"
"10:49:07,7757184","Notepad.exe","11516","RegQueryKey","HKCR\Interface\{0000010e-0000-0000-C000-000000000046}\ProxyStubClsid32","SUCCESS","Query: Name"
"10:49:07,7757291","Notepad.exe","11516","RegQueryKey","HKCR\Interface\{0000010e-0000-0000-C000-000000000046}\ProxyStubClsid32","SUCCESS","Query: HandleTags, HandleTags: 0x0"
"10:49:07,7757397","Notepad.exe","11516","RegOpenKey","HKCU\Software\Classes\Interface\{0000010E-0000-0000-C000-000000000046}\ProxyStubClsid32","NAME NOT FOUND","Desired Access: Maximum Allowed"
"10:49:07,7757563","Notepad.exe","11516","RegQueryValue","HKCR\Interface\{0000010e-0000-0000-C000-000000000046}\ProxyStubClsid32\(Default)","SUCCESS","Type: REG_SZ, Length: 78, Data: {00000320-0000-0000-C000-000000000046}"
"10:49:07,7757705","Notepad.exe","11516","RegCloseKey","HKCR\Interface\{0000010e-0000-0000-C000-000000000046}\ProxyStubClsid32","SUCCESS",""
"10:49:07,7757832","Notepad.exe","11516","RegCloseKey","HKCR\Interface\{0000010e-0000-0000-C000-000000000046}","SUCCESS",""
"10:49:07,8100888","Notepad.exe","11516","Thread Exit","","SUCCESS","Thread ID: 10404, User Time: 0.0000000, Kernel Time: 0.0000000"
"10:49:07,8120973","Notepad.exe","11516","LockFile","C:\Users\arina\AppData\LocalLow\1200a7146be44de5d7e4933bba92fbf62e200cae64fc37f56462371d1d9f7ebc","SUCCESS","Exclusive: True, Offset: 0, Length: 4 294 967 295, Fail Immediately: False"
"10:49:07,8121334","Notepad.exe","11516","QueryBasicInformationFile","C:\Users\arina\AppData\LocalLow\1200a7146be44de5d7e4933bba92fbf62e200cae64fc37f56462371d1d9f7ebc","SUCCESS","CreationTime: 13.08.2025 21:25:10, LastAccessTime: 26.09.2026 10:45:35, LastWriteTime: 26.09.2026 10:45:35, ChangeTime: 26.09.2026 10:45:35, FileAttributes: ANCI"
"10:49:07,8121618","Notepad.exe","11516","UnlockFileSingle","C:\Users\arina\AppData\LocalLow\1200a7146be44de5d7e4933bba92fbf62e200cae64fc37f56462371d1d9f7ebc","SUCCESS","Offset: 0, Length: 4 294 967 295"
"10:49:07,8121799","Notepad.exe","11516","LockFile","C:\Users\arina\AppData\LocalLow\1200a7146be44de5d7e4933bba92fbf62e200cae64fc37f56462371d1d9f7ebc","SUCCESS","Exclusive: True, Offset: 0, Length: 4 294 967 295, Fail Immediately: False"
"10:49:07,8121941","Notepad.exe","11516","QueryBasicInformationFile","C:\Users\arina\AppData\LocalLow\1200a7146be44de5d7e4933bba92fbf62e200cae64fc37f56462371d1d9f7ebc","SUCCESS","CreationTime: 13.08.2025 21:25:10, LastAccessTime: 26.09.2026 10:45:35, LastWriteTime: 26.09.2026 10:45:35, ChangeTime: 26.09.2026 10:45:35, FileAttributes: ANCI"
"10:49:07,8122182","Notepad.exe","11516","WriteFile","C:\Users\arina\AppData\LocalLow\1200a7146be44de5d7e4933bba92fbf62e200cae64fc37f56462371d1d9f7ebc","SUCCESS","Offset: 26, Length: 72, Priority: Normal"
"10:49:07,8122939","Notepad.exe","11516","WriteFile","C:\Users\arina\AppData\LocalLow\1200a7146be44de5d7e4933bba92fbf62e200cae64fc37f56462371d1d9f7ebc","SUCCESS","Offset: 98, Length: 32, Priority: Normal"
"10:49:07,8123134","Notepad.exe","11516","QueryBasicInformationFile","C:\Users\arina\AppData\LocalLow\1200a7146be44de5d7e4933bba92fbf62e200cae64fc37f56462371d1d9f7ebc","SUCCESS","CreationTime: 13.08.2025 21:25:10, LastAccessTime: 26.09.2026 10:49:07, LastWriteTime: 26.09.2026 10:49:07, ChangeTime: 26.09.2026 10:49:07, FileAttributes: ANCI"
"10:49:07,8123273","Notepad.exe","11516","UnlockFileSingle","C:\Users\arina\AppData\LocalLow\1200a7146be44de5d7e4933bba92fbf62e200cae64fc37f56462371d1d9f7ebc","SUCCESS","Offset: 0, Length: 4 294 967 295"
"10:49:07,8160082","Notepad.exe","11516","Thread Exit","","SUCCESS","Thread ID: 23112, User Time: 0.0000000, Kernel Time: 0.0000000"
